phase,time_us,frame_ms,queued,sdf_pages,engine_static_bytes,process_ms,physics_ms,vegetation_us,process_span_ms,draw_span_ms,render_cpu_ms,render_gpu_ms,ecosystem_us,terrain_staging_ms,observer_ms
startup,3165863,46.763,0,0,80385837.0,46.528,945.253,58,3.852,42.657,0.0,0.0,143,0.005,0.001
startup,3186059,20.196,1,0,82278645.0,18.78,0.065,876,5.492,13.273,0.0,0.0,97,2.295,0.045
startup,3193013,6.954,3,0,82536321.0,18.78,0.065,102,4.465,1.824,11.4759998321533,1.99100005626678,145,1.921,0.097
startup,3201390,8.377,0,0,83288881.0,18.78,0.065,822,4.869,1.45,0.75199997425079,1.90799999237061,58,2.576,0.067
startup,3225585,24.195,0,0,84001751.0,18.78,0.065,2395,7.2,15.712,0.46299999952316,1.94400000572205,91,2.514,0.06
startup,3241465,15.88,0,0,84843399.0,18.78,0.065,1518,6.906,8.49,0.45800000429153,2.26699995994568,57,3.482,0.094
startup,3257953,16.488,0,0,85566731.0,18.78,0.065,1427,6.001,9.771,0.52399998903275,2.25799989700317,60,3.012,0.046
startup,3275917,17.964,0,0,87321535.0,18.78,0.065,1422,6.02,11.32,0.74400001764297,3.22900009155273,61,2.544,0.055
startup,3293499,17.582,0,0,87728551.0,18.78,0.065,2408,7.409,9.302,0.50700002908707,3.85800004005432,108,2.97,0.059
startup,3309415,15.916,0,0,88890451.0,18.78,0.065,2081,6.392,8.786,0.55199998617172,3.25300002098084,59,2.553,0.058
startup,3326503,17.088,0,0,89786343.0,18.78,0.065,2766,8.45,8.12,0.44299998879433,3.31500005722046,62,3.211,0.089
startup,3344060,17.557,0,0,90157587.0,18.78,0.065,2348,6.32,10.424,0.70899999141693,3.66499996185303,73,2.701,0.045
startup,3360308,16.248,0,0,91040513.0,18.78,0.065,1475,6.266,8.708,0.41999998688698,3.43199992179871,106,2.849,0.048
startup,3378054,17.746,1,0,91684771.0,18.78,0.065,2434,8.408,7.905,0.56199997663498,4.06400012969971,96,3.517,0.092
startup,3393086,15.032,0,0,91748747.0,18.78,0.065,410,4.033,10.581,0.65100002288818,3.62199997901917,73,2.73,0.094
startup,3409369,16.283,0,0,92726459.0,18.78,0.065,3258,9.979,5.935,0.3910000026226,3.76200008392334,89,3.432,0.048
startup,3426867,17.498,0,0,93152971.0,18.78,0.065,1850,5.823,11.249,0.44900000095367,3.87299990653992,64,2.84,0.046
startup,3442281,15.414,0,0,93776537.0,18.78,0.065,1640,6.065,9.07,0.43099999427795,3.49000000953674,58,2.769,0.076
startup,3459323,17.042,0,0,94201953.0,18.78,0.065,2962,6.834,9.933,0.43900001049042,3.17000007629395,80,2.674,0.047
startup,3475554,16.231,0,0,95187473.0,18.78,0.065,2246,6.932,9.033,0.44400000572205,3.08500003814697,59,3.301,0.049
startup,3491901,16.347,0,0,95588583.0,18.78,0.065,2061,5.89,10.196,0.43999999761581,2.79200005531311,74,2.695,0.046
startup,3510591,18.69,0,0,96486155.0,18.78,0.065,3560,8.854,9.468,0.391999989748,4.63899993896484,79,3.654,0.051
startup,3527453,16.862,0,0,96840555.0,18.78,0.065,2549,6.809,9.72,0.48899999260902,4.60799980163574,75,2.931,0.068
startup,3544693,17.24,0,0,97427371.0,18.78,0.065,3439,8.891,7.972,0.53500002622604,5.22599983215332,205,2.792,0.056
startup,3560706,16.013,0,0,97783819.0,18.78,0.065,2062,6.693,9.019,0.67500001192093,4.59000015258789,79,3.273,0.06
startup,3576815,16.109,0,0,98385065.0,18.78,0.065,1503,6.54,9.28,0.43299999833107,4.10099983215332,85,3.449,0.055
startup,3593207,16.392,0,0,98762475.0,18.78,0.065,1484,5.573,10.543,0.45300000905991,4.07999992370605,75,2.7,0.051
startup,3610689,17.482,0,0,99334217.0,18.78,0.065,1560,5.8,11.242,0.43999999761581,4.67199993133545,66,2.641,0.045
startup,3627136,16.447,0,0,99542297.0,18.78,0.065,1841,5.779,10.271,0.50499999523163,4.11600017547607,88,2.744,0.075
startup,3644096,16.96,0,0,100056473.0,18.78,0.065,2535,8.927,7.611,0.60199999809265,4.13299989700317,96,4.067,0.063
startup,3661821,17.725,0,0,100297603.0,18.78,0.065,1505,5.674,11.74,0.6370000243187,4.11100006103516,93,2.631,0.071
startup,3677511,15.69,0,0,100821723.0,18.78,0.065,1405,6.721,8.607,0.44900000095367,4.75600004196167,84,3.202,0.053
startup,3693223,15.712,0,0,101142585.0,18.78,0.065,1200,5.718,9.711,0.51099997758865,4.09800004959106,95,2.981,0.064
startup,3711140,17.917,0,0,101601605.0,18.78,0.065,1624,6.047,11.486,0.4040000140667,4.68900012969971,126,2.57,0.072
startup,3727389,16.249,0,0,101912681.0,18.78,0.065,968,5.346,10.595,0.69300001859665,4.08799982070923,68,3.051,0.063
startup,3743665,16.276,0,0,102956049.0,18.78,0.065,961,5.632,10.363,0.41699999570847,4.52299976348877,66,3.207,0.055
startup,3760830,17.165,0,0,103321941.0,18.78,0.065,1684,6.242,10.489,0.4539999961853,4.09499979019165,109,3.221,0.045
startup,3776829,15.999,1,0,104542381.0,18.78,0.065,1803,7.332,8.415,0.56199997663498,4.11199998855591,121,3.204,0.076
startup,3793296,16.467,0,0,104814877.0,18.78,0.065,274,3.993,12.312,0.56699997186661,4.22700023651123,74,2.994,0.039
startup,3810544,17.248,0,0,105479007.0,18.78,0.065,1296,7.36,9.626,0.37999999523163,4.66499996185303,93,3.205,0.062
startup,3827634,17.09,0,0,106063940.0,18.78,0.065,491,4.23,12.357,0.49000000953674,4.52500009536743,73,2.661,0.044
startup,3844795,17.161,2,0,107150452.0,18.78,0.065,957,6.619,10.066,0.47200000286102,4.83300018310547,127,3.274,0.075
startup,3860819,16.024,0,0,107180552.0,18.78,0.065,167,4.84,10.985,0.80500000715256,4.23999977111816,101,3.387,0.086
startup,3877702,16.883,0,0,108356470.0,18.78,0.065,746,6.205,10.356,0.59200000762939,4.92399978637695,85,3.012,0.076
startup,3894300,16.598,0,0,108737214.0,18.78,0.065,857,5.124,11.158,0.53299999237061,3.79399991035461,72,2.991,0.051
startup,3910508,16.208,0,0,109946550.0,18.78,0.065,412,4.868,11.06,0.49599999189377,4.54899978637695,61,2.669,0.053
startup,3927641,17.133,0,0,110387806.0,18.78,0.065,448,4.833,11.93,0.42399999499321,4.89900016784668,78,3.442,0.042
startup,3944105,16.464,0,0,111945946.0,18.78,0.065,577,5.18,10.911,0.41600000858307,4.82200002670288,80,2.943,0.058
startup,3960466,16.361,0,0,111982514.0,18.78,0.065,63,3.886,12.302,0.38100001215935,4.51999998092651,81,3.061,0.052
startup,3977613,17.147,0,0,113184648.0,18.78,0.065,379,6.348,10.484,0.42199999094009,4.80600023269653,80,3.976,0.079
startup,3994500,16.887,0,0,113580852.0,18.78,0.065,859,6.465,9.99,0.61100000143051,4.90899991989136,124,4.081,0.056
startup,4010706,16.206,1,0,114719972.0,18.78,0.065,525,5.466,10.468,0.68599998950958,4.80100011825562,86,3.015,0.076
startup,4027059,16.353,0,0,115063432.0,22.937,1.307,6,3.607,12.579,0.67900002002716,4.32600021362305,95,2.871,0.043
startup,4044389,17.33,1,0,116840892.0,22.937,1.307,636,6.435,10.532,0.44299998879433,5.08599996566772,76,3.708,0.065
startup,4060720,16.331,0,0,116706980.0,22.937,1.307,7,3.924,12.231,0.52999997138977,4.78999996185303,180,2.785,0.055
startup,4077040,16.32,0,0,117875512.0,22.937,1.307,902,5.827,10.111,0.45899999141693,4.36899995803833,82,2.579,0.073
startup,4093823,16.783,0,0,118243386.0,22.937,1.307,374,4.873,11.507,0.54900002479553,4.34600019454956,84,3.23,0.056
startup,4111248,17.425,0,0,119491850.0,22.937,1.307,454,5.005,12.122,0.46700000762939,3.87299990653992,68,2.764,0.058
startup,4127607,16.359,0,0,119794396.0,22.937,1.307,515,4.613,11.426,0.40700000524521,4.92199993133545,122,2.699,0.043
startup,4143926,16.319,0,0,121002620.0,22.937,1.307,243,4.439,11.609,0.56000000238419,4.35699987411499,67,2.747,0.052
startup,4160302,16.376,0,0,121380340.0,22.937,1.307,614,4.518,11.54,0.37299999594688,4.39300012588501,77,2.734,0.047
startup,4177975,17.673,1,0,123759040.0,22.937,1.307,648,5.664,11.484,0.43000000715256,4.92500019073486,103,2.573,0.053
startup,4194540,16.565,0,0,123969820.0,22.937,1.307,10,4.953,11.407,0.62099999189377,4.98400020599365,135,3.824,0.061
startup,4210184,15.644,0,0,125001896.0,22.937,1.307,1053,6.841,8.46,0.60299998521805,4.39799976348877,80,3.612,0.086
startup,4227988,17.804,0,0,125286564.0,22.937,1.307,1074,5.115,12.189,0.48899999260902,4.99399995803833,127,2.613,0.045
startup,4244159,16.171,2,0,126112448.0,22.937,1.307,106,5.765,10.193,0.65200001001358,4.82600021362305,134,3.086,0.089
startup,4260194,16.035,0,0,128314280.0,22.937,1.307,8,3.569,12.305,0.66100001335144,4.43599987030029,120,2.595,0.06
startup,4277044,16.85,0,0,129765496.0,22.937,1.307,787,7.181,9.373,0.49399998784065,4.38299989700317,88,4.043,0.063
startup,4294608,17.564,0,0,130062588.0,22.937,1.307,647,4.934,12.163,0.63999998569489,5.01999998092651,117,2.923,0.047
startup,4311424,16.816,1,0,131129624.0,22.937,1.307,576,6.253,10.11,0.62800002098083,5.0939998626709,112,2.621,0.074
startup,4327496,16.072,0,0,131087766.0,22.937,1.307,9,4.4,11.49,0.6259999871254,4.71199989318848,124,3.369,0.075
startup,4344870,17.374,1,0,131901208.0,22.937,1.307,783,6.622,10.186,0.54199999570847,4.83699989318848,113,3.184,0.071
startup,4361311,16.441,0,0,132232428.0,22.937,1.307,12,4.025,12.233,0.68800002336502,4.69199991226196,152,2.766,0.083
startup,4378469,17.158,1,0,133182254.0,22.937,1.307,1442,7.417,9.223,0.65799999237061,5.06199979782104,150,2.574,0.075
startup,4394603,16.134,0,0,133212628.0,22.937,1.307,93,3.957,11.993,0.71299999952316,5.13399982452393,111,2.745,0.081
startup,4410762,16.159,0,0,134299830.0,22.937,1.307,624,6.743,8.981,0.58899998664856,4.48899984359741,171,2.888,0.071
startup,4427781,17.019,0,0,134410458.0,22.937,1.307,90,4.249,12.546,0.60500001907349,4.94199991226196,115,3.15,0.065
startup,4444064,16.283,0,0,135879188.0,22.937,1.307,1316,7.834,8.115,0.60600000619888,4.92700004577637,135,3.124,0.089
startup,4461299,17.235,0,0,135801062.0,22.937,1.307,108,4.224,12.808,0.57700002193451,5.09600019454956,155,2.904,0.052
startup,4477980,16.681,1,0,136737720.0,22.937,1.307,637,6.701,9.622,0.71899998188019,5.18400001525879,123,2.812,0.083
startup,4494453,16.473,0,0,137020388.0,22.937,1.307,8,3.934,12.406,0.72299998998642,5.10300016403198,120,3.024,0.054
startup,4511018,16.565,1,0,137943260.0,22.937,1.307,1343,7.45,8.835,0.48800000548363,4.93499994277954,116,3.381,0.049
startup,4527124,16.106,0,0,138276428.0,22.937,1.307,5,3.372,12.527,0.71799999475479,4.52400016784668,85,2.699,0.039
startup,4544195,17.071,1,0,140013926.0,22.937,1.307,415,6.107,10.6,0.40599998831749,4.93900012969971,129,2.948,0.071
startup,4561235,17.04,0,0,140359470.0,22.937,1.307,9,5.033,11.827,0.66500002145767,5.11199998855591,140,4.041,0.053
startup,4578068,16.833,0,0,141245740.0,22.937,1.307,542,6.486,9.812,0.60000002384186,5.08199977874756,238,2.502,0.074
startup,4594891,16.823,0,0,141527232.0,22.937,1.307,601,5.747,10.597,0.59299999475479,5.28900003433228,129,3.561,0.063
startup,4610918,16.027,0,0,142620752.0,22.937,1.307,77,5.034,10.829,0.55400002002716,5.01200008392334,98,3.184,0.076
startup,4627394,16.476,0,0,142974040.0,22.937,1.307,656,5.584,10.5,0.50599998235703,4.5770001411438,103,3.549,0.062
startup,4644038,16.644,0,0,143814680.0,22.937,1.307,740,5.604,10.614,0.41800001263618,4.55100011825562,108,2.643,0.062
startup,4660886,16.848,0,0,144025580.0,22.937,1.307,78,4.093,12.58,0.44800001382828,5.02699995040894,116,2.871,0.07
startup,4677312,16.426,3,0,145695980.0,22.937,1.307,338,5.885,10.219,0.48600000143051,4.53999996185303,155,2.725,0.062
startup,4694148,16.836,3,0,146049888.0,22.937,1.307,6,4.215,12.451,0.83200001716614,4.58599996566772,104,3.505,0.051
startup,4710121,15.973,5,0,146332148.0,22.937,1.307,59,4.074,11.78,0.40700000524521,4.57000017166138,210,2.657,0.047
startup,4726742,16.621,5,0,146754072.0,22.937,1.307,6,4.025,12.485,0.41100001335144,4.58599996566772,5,3.445,0.048
startup,4743550,16.808,1,0,146918246.0,22.937,1.307,6,4.12,12.529,0.38699999451637,4.57399988174438,5,3.063,0.044
startup,4760678,17.128,0,0,147625634.0,22.937,1.307,451,4.428,12.145,0.41100001335144,4.58300018310547,99,2.514,0.04
startup,4776836,16.158,2,0,148405888.0,22.937,1.307,321,4.764,11.112,0.44200000166893,4.56400012969971,79,2.621,0.087
startup,4793778,16.942,0,0,149518160.0,22.937,1.307,6,3.47,13.346,0.44200000166893,4.98600006103516,87,2.782,0.041
startup,4810604,16.826,2,0,150588924.0,22.937,1.307,1030,6.7,9.815,0.36800000071526,4.65500020980835,84,3.588,0.047
startup,4827113,16.509,0,0,151048008.0,22.937,1.307,7,3.34,13.029,0.47299998998642,4.71400022506714,132,2.577,0.043
startup,4843992,16.879,3,0,151831350.0,22.937,1.307,588,6.084,10.486,0.42699998617172,4.68900012969971,93,3.396,0.049
startup,4860801,16.809,0,0,152792700.0,22.937,1.307,8,4.063,12.616,0.5009999871254,5.1399998664856,113,3.265,0.042
startup,4877756,16.955,0,0,154887888.0,22.937,1.307,447,5.756,10.821,0.43500000238419,5.11999988555908,78,3.473,0.048
startup,4895415,17.659,0,0,155265570.0,22.937,1.307,178,4.671,12.44,0.4709999859333,4.68800020217896,95,3.365,0.185
startup,4910844,15.429,1,0,158606446.0,22.937,1.307,62,5.011,10.276,0.47299998998642,5.08500003814697,107,2.793,0.084
startup,4928058,17.214,0,0,158776214.0,22.937,1.307,8,3.518,13.527,0.47999998927116,5.09800004959106,116,2.666,0.052
startup,4945377,17.319,2,0,161007160.0,22.937,1.307,592,6.366,10.167,0.5799999833107,5.09999990463257,150,2.824,0.061
startup,4960832,15.455,0,0,161338448.0,22.937,1.307,13,3.795,11.495,0.80699998140335,5.03000020980835,127,2.65,0.07
startup,4978458,17.626,1,0,162439360.0,22.937,1.307,827,6.806,10.337,0.44100001454353,4.64699983596802,165,2.759,0.067
startup,4994484,16.026,0,0,162876444.0,22.937,1.307,13,5.075,10.739,0.81499999761581,4.74399995803833,161,3.202,0.082
startup,5011586,17.102,1,0,164502304.0,22.937,1.307,1989,10.566,6.033,0.59399998188019,4.70900011062622,235,3.327,0.079
startup,5027315,15.729,0,0,166406612.0,17.323,0.469,66,4.501,11.05,0.44400000572205,4.74200010299683,99,3.46,0.047
startup,5044664,17.349,0,0,168786600.0,17.323,0.469,814,7.663,9.004,0.44400000572205,4.70699977874756,150,4.022,0.067
startup,5061324,16.66,0,0,169068128.0,17.323,0.469,81,5.086,11.421,0.50700002908707,5.36499977111816,131,3.949,0.099
startup,5077502,16.178,0,0,170829446.0,17.323,0.469,358,6.328,9.441,0.48899999260902,4.71299982070923,172,3.662,0.074
startup,5093851,16.349,0,0,171236966.0,17.323,0.469,64,3.871,12.329,0.42599999904633,4.73400020599365,109,2.805,0.048
startup,5111755,17.904,0,0,172215126.0,17.323,0.469,71,4.858,12.91,0.46200001239777,5.44999980926514,96,2.875,0.061
startup,5128493,16.738,0,0,172311278.0,17.323,0.469,757,4.643,11.664,0.58799999952316,5.39599990844727,134,2.547,0.046
startup,5145753,17.26,3,0,176560250.0,17.323,0.469,125,6.021,11.063,0.59899997711182,5.23099994659424,207,2.543,0.08
startup,5160638,14.885,0,0,177176470.0,17.323,0.469,7,5.678,9.02,0.80900001525879,4.77799987792969,115,4.845,0.064
startup,5177746,17.108,1,0,178096062.0,17.323,0.469,1082,6.874,9.826,0.43099999427795,4.7649998664856,165,2.693,0.054
startup,5195194,17.448,0,0,178132382.0,17.323,0.469,7,3.7,13.53,0.69400000572205,4.86399984359741,125,2.741,0.065
startup,5212305,17.111,1,0,178858104.0,17.323,0.469,1758,9.103,7.437,0.49000000953674,5.46199989318848,220,2.862,0.08
startup,5227551,15.246,0,0,179110240.0,17.323,0.469,145,4.157,10.906,1.01999998092651,4.86499977111816,200,2.554,0.115
startup,5244655,17.104,2,0,181036000.0,17.323,0.469,110,5.279,11.637,0.95099997520447,5.30900001525879,169,2.648,0.077
startup,5261607,16.952,0,0,181169020.0,17.323,0.469,15,4.023,12.729,0.88999998569489,5.33500003814697,186,2.663,0.072
startup,5277728,16.121,3,0,183795984.0,17.323,0.469,871,6.925,8.792,0.70099997520447,4.84299993515015,98,2.518,0.081
startup,5294365,16.637,0,0,185522380.0,17.323,0.469,7,3.819,12.636,0.69300001859665,4.88399982452393,141,2.864,0.071
startup,5310914,16.549,0,0,186897388.0,17.323,0.469,739,6.929,9.247,0.4839999973774,4.85500001907349,118,3.316,0.086
startup,5327918,17.004,0,0,187001148.0,17.323,0.469,522,4.86,11.612,0.51300001144409,4.86999988555908,116,3.018,0.058
startup,5345148,17.23,1,0,190118434.0,17.323,0.469,563,7.928,8.806,0.48899999260902,5.31199979782104,237,2.526,0.069
startup,5361683,16.535,0,0,189560434.0,17.323,0.469,77,4.462,11.841,1.74600005149841,5.60099983215332,111,3.415,0.116
startup,5378509,16.826,2,0,193289854.0,17.323,0.469,66,9.661,6.641,0.93900001049042,5.57600021362305,104,2.522,0.086
startup,5395439,16.93,0,0,197377442.0,17.323,0.469,8,4.79,11.433,0.53799998760223,5.53599977493286,144,2.615,0.05
startup,5414071,18.632,0,0,195888594.0,17.323,0.469,1314,6.632,11.379,0.875,5.05499982833862,328,2.801,0.154
held_flight_0,5447338,33.267,0,0,194982036.0,17.323,0.469,16420,31.804,1.064,1.09800004959106,5.61199998855591,11179,2.739,0.064
held_flight_0,5455155,7.817,0,0,189978674.0,17.323,0.469,2619,6.794,0.796,0.42899999022484,1.05400002002716,88,3.05,0.042
held_flight_0,5463662,8.507,0,0,189983786.0,17.323,0.469,126,3.93,0.832,0.34499999880791,1.47099995613098,75,3.403,0.058
held_flight_0,5480611,16.949,0,0,190022902.0,17.323,0.469,124,5.068,4.534,0.32400000095367,0.96499997377396,90,4.427,0.052
held_flight_0,5497258,16.647,0,0,190369830.0,17.323,0.469,154,5.276,4.932,0.3589999973774,0.966000020504,105,2.777,0.081
held_flight_0,5513891,16.633,0,0,190955982.0,17.323,0.469,176,5.395,7.144,0.64800000190735,3.53200006484985,169,2.834,0.065
held_flight_0,5530555,16.664,0,0,191346410.0,17.323,0.469,127,6.185,5.214,0.6710000038147,2.73099994659424,92,4.549,0.065
held_flight_0,5547275,16.72,0,0,191966142.0,17.323,0.469,131,4.378,7.309,0.41800001263618,3.12299990653992,102,2.668,0.083
held_flight_0,5563845,16.57,0,0,192819434.0,17.323,0.469,156,4.853,7.101,0.4839999973774,3.46600008010864,131,2.627,0.063
held_flight_0,5580530,16.685,0,0,194179190.0,17.323,0.469,133,4.364,6.977,0.55299997329712,2.70600008964539,88,2.609,0.052
held_flight_0,5597132,16.602,0,0,194572470.0,17.323,0.469,145,4.801,6.49,0.391999989748,2.79299998283386,92,2.871,0.054
held_flight_0,5613861,16.729,0,0,195098686.0,17.323,0.469,237,4.477,7.861,0.38800001144409,3.38899993896484,144,2.75,0.041
held_flight_0,5630501,16.64,0,0,195652230.0,17.323,0.469,126,5.765,7.813,0.44600000977516,3.02699995040894,122,4.063,0.066
held_flight_0,5647237,16.736,0,0,196462246.0,17.323,0.469,150,4.67,7.702,0.53100001811981,3.41400003433228,99,2.96,0.045
held_flight_0,5664391,17.154,1,0,197272678.0,17.323,0.469,251,7.165,5.188,0.43099999427795,3.38599991798401,209,4.028,0.065
held_flight_0,5680593,16.202,0,0,194412558.0,17.323,0.469,160,0.682,11.28,0.87900000810623,3.70499992370605,6,0.007,0.054
held_flight_0,5697223,16.63,0,8,195808890.0,17.323,0.469,109,3.653,8.092,0.55500000715256,3.25999999046326,7,1.434,0.074
held_flight_0,5713816,16.593,0,8,196022246.0,17.323,0.469,1124,5.493,7.445,0.4709999859333,2.66300010681152,8,3.789,0.063
held_flight_0,5730576,16.76,0,8,196279782.0,17.323,0.469,7,3.313,8.464,0.5120000243187,3.22900009155273,8,2.935,0.043
held_flight_0,5747754,17.178,1,8,195832394.0,17.323,0.469,8,6.865,5.406,0.40099999308586,3.53699994087219,79,4.804,0.074
held_flight_0,5763865,16.111,0,8,195817966.0,17.323,0.469,11,0.513,11.087,0.8309999704361,3.25600004196167,7,0.013,0.067
held_flight_0,5780544,16.679,0,8,196268810.0,17.323,0.469,7,3.752,8.025,0.56699997186661,3.19700002670288,5,2.429,0.07
held_flight_0,5797234,16.69,0,8,196504694.0,17.323,0.469,9,4.043,8.016,0.42699998617172,3.38700008392334,6,3.594,0.065
held_flight_0,5814130,16.896,0,8,196266522.0,17.323,0.469,7,4.751,8.287,0.49599999189377,4.28000020980835,79,3.084,0.064
held_flight_0,5830476,16.346,0,8,196438886.0,17.323,0.469,8,0.283,11.874,0.60199999809265,3.44099998474121,4,0.005,0.039
held_flight_0,5847125,16.649,0,8,198041678.0,17.323,0.469,7,3.901,9.915,0.38299998641014,3.49699997901917,4,3.119,0.039
held_flight_0,5863844,16.719,0,8,198116702.0,17.323,0.469,6,3.374,8.705,0.41400000452995,3.44700002670288,5,2.76,0.048
held_flight_0,5881022,17.178,1,8,197662746.0,17.323,0.469,6,4.545,7.636,0.40999999642372,3.41799998283386,63,2.949,0.049
held_flight_0,5897201,16.179,0,8,196501986.0,17.323,0.469,9,0.467,11.802,0.42699998617172,3.91499996185303,6,0.007,0.053
held_flight_0,5913868,16.667,0,10,197404226.0,17.323,0.469,8,1.764,10.841,0.5120000243187,3.88299989700317,6,0.627,0.05
held_flight_0,5930684,16.816,0,10,197973946.0,17.323,0.469,13,4.808,8.194,0.47499999403954,3.77900004386902,175,2.69,0.057
held_flight_0,5947966,17.282,0,10,197712354.0,17.323,0.469,8,4.591,9.919,0.80400002002716,3.48200011253357,74,2.751,0.055
held_flight_0,5963863,15.897,0,10,196613010.0,17.323,0.469,9,0.762,11.473,0.53799998760223,4.14300012588501,8,0.008,0.072
held_flight_0,5980626,16.763,0,10,196861994.0,17.323,0.469,13,2.542,10.652,0.64700001478195,4.26200008392334,8,1.01,0.089
held_flight_0,5997223,16.597,0,10,197644910.0,17.323,0.469,15,4.58,9.798,0.85399997234344,3.57599997520447,9,3.781,0.083
held_flight_0,6013845,16.622,0,10,198386654.0,17.323,0.469,15,3.572,9.133,0.77100002765656,4.0479998588562,7,3.02,0.067
held_flight_0,6030798,16.953,0,10,197325966.0,32.885,0.835,11,6.465,6.662,0.77700001001358,4.27899980545044,127,3.83,0.048
held_flight_0,6047188,16.39,0,10,196958842.0,32.885,0.835,8,0.389,11.994,0.74599999189377,4.04400014877319,7,0.005,0.04
held_flight_0,6063863,16.675,0,10,197964650.0,32.885,0.835,8,3.754,8.814,0.39899998903275,4.0149998664856,6,2.633,0.054
held_flight_0,6080523,16.66,0,10,198595526.0,32.885,0.835,7,3.267,8.779,0.45800000429153,3.53299999237061,9,2.802,0.058
held_flight_0,6097232,16.709,0,10,198695270.0,32.885,0.835,7,3.116,8.998,0.4990000128746,3.43199992179871,5,2.676,0.069
held_flight_0,6114395,17.163,1,10,198134566.0,32.885,0.835,6,5.122,7.389,0.43599998950958,4.00400018692017,67,3.061,0.092
held_flight_0,6130452,16.057,0,10,196874082.0,32.885,0.835,11,0.522,11.537,0.44999998807907,3.97699999809265,7,0.007,0.061
held_flight_0,6147126,16.674,0,13,198307374.0,32.885,0.835,17,2.436,9.512,0.68699997663498,3.45099997520447,5,1.679,0.042
held_flight_0,6163868,16.742,0,13,198540570.0,32.885,0.835,6,3.836,8.29,0.38899999856949,3.42600011825562,4,3.45,0.039
held_flight_0,6180797,16.929,1,13,198213320.0,32.885,0.835,8,5.894,6.411,0.39300000667572,3.46199989318848,63,4.018,0.068
held_flight_0,6197118,16.321,0,13,197353626.0,32.885,0.835,6,0.291,12.289,0.42699998617172,3.52800011634827,5,0.006,0.049
held_flight_0,6213901,16.783,0,13,198669078.0,32.885,0.835,7,1.241,11.621,0.3740000128746,4.12799978256226,7,0.552,0.043
held_flight_0,6230645,16.744,0,13,198720538.0,32.885,0.835,8,3.02,9.281,0.45300000905991,3.53800010681152,6,2.542,0.056
held_flight_0,6247272,16.627,0,13,198920782.0,32.885,0.835,16,4.94,7.763,0.52300000190735,4.11199998855591,8,4.413,0.094
held_flight_0,6264238,16.966,1,13,198080786.0,32.885,0.835,11,5.364,7.427,0.65600001811981,4.08300018310547,89,2.754,0.075
held_flight_0,6280468,16.23,1,13,198044966.0,32.885,0.835,9,0.379,11.237,0.71700000762939,3.5699999332428,6,0.009,0.049
held_flight_0,6297196,16.728,0,13,199446170.0,32.885,0.835,6,1.148,11.014,0.45100000500679,3.54399991035461,4,0.504,0.042
held_flight_0,6313934,16.738,0,13,199686158.0,32.885,0.835,8,2.947,9.236,0.4210000038147,3.57500004768372,4,2.57,0.038
held_flight_0,6330600,16.666,0,13,199739322.0,32.885,0.835,11,3.797,8.694,0.40000000596046,3.54999995231628,6,3.348,0.071
held_flight_0,6347393,16.793,0,13,199960786.0,32.885,0.835,6,5.211,7.507,0.62999999523163,3.57699990272522,4,4.81,0.075
held_flight_0,6364112,16.719,2,13,198944800.0,32.885,0.835,7,8.136,4.225,0.38899999856949,3.55800008773804,56,5.158,0.079
held_flight_0,6380466,16.354,1,13,197759014.0,32.885,0.835,6,0.268,12.832,0.40500000119209,4.36299991607666,7,0.006,0.035
held_flight_0,6397352,16.886,1,14,199366412.0,32.885,0.835,7,0.704,12.098,0.38600000739098,4.26200008392334,7,0.006,0.044
held_flight_0,6413797,16.445,0,14,199880450.0,32.885,0.835,7,3.497,10.466,0.40000000596046,3.81500005722046,5,3.008,0.045
held_flight_0,6430475,16.678,0,14,200156646.0,32.885,0.835,9,4.2,9.658,0.38600000739098,3.05399990081787,8,3.547,0.043
held_flight_0,6447724,17.249,2,14,198979968.0,32.885,0.835,9,5.624,7.629,0.50800001621246,4.22800016403198,204,2.729,0.051
held_flight_0,6463889,16.165,1,14,197988826.0,32.885,0.835,10,0.568,11.487,0.69800001382828,3.70000004768372,6,0.012,0.224
held_flight_0,6480560,16.671,1,15,198945654.0,32.885,0.835,10,1.084,11.723,0.60600000619888,3.6489999294281,7,0.008,0.07
held_flight_0,6497232,16.672,0,15,200188230.0,32.885,0.835,8,4.42,8.126,0.50700002908707,3.71499991416931,6,3.928,0.141
held_flight_0,6513834,16.602,0,15,200301214.0,32.885,0.835,6,3.055,9.46,0.47900000214577,3.67199993133545,5,2.508,0.057
held_flight_0,6530489,16.655,0,15,200490350.0,32.885,0.835,7,3.652,8.971,0.45500001311302,3.71099996566772,5,3.319,0.054
held_flight_0,6547428,16.939,2,15,199197608.0,32.885,0.835,8,5.331,7.098,0.39700001478195,3.69099998474121,81,3.423,0.047
held_flight_0,6563764,16.336,1,15,198989798.0,32.885,0.835,6,0.274,11.701,0.533999979496,3.70900011062622,5,0.005,0.038
held_flight_0,6580509,16.745,0,15,200770504.0,32.885,0.835,7,3.417,8.922,0.48500001430511,3.75200009346008,4,2.793,0.039
held_flight_0,6597254,16.745,0,15,200735210.0,32.885,0.835,7,3.228,9.313,0.39399999380112,3.79399991035461,7,2.662,0.072
held_flight_0,6613948,16.694,0,15,200851254.0,32.885,0.835,12,3.231,9.986,0.41400000452995,4.32800006866455,8,2.723,0.074
held_flight_0,6630661,16.713,0,15,200904178.0,32.885,0.835,7,4.016,9.835,0.69199997186661,4.6230001449585,5,3.29,0.078
held_flight_0,6647470,16.809,2,15,199442268.0,32.885,0.835,8,5.633,8.371,0.38199999928474,4.34299993515015,75,3.666,0.099
held_flight_0,6663765,16.295,1,15,198526786.0,32.885,0.835,6,0.283,12.311,0.64200001955032,3.78999996185303,5,0.005,0.043
held_flight_0,6680450,16.685,1,18,199996390.0,32.885,0.835,6,0.594,12.038,0.48500001430511,3.75799989700317,4,0.006,0.044
held_flight_0,6697132,16.682,0,18,200756534.0,32.885,0.835,7,3.346,9.89,0.36899998784065,3.78399991989136,5,2.99,0.04
held_flight_0,6713831,16.699,0,18,200914974.0,32.885,0.835,10,3.229,9.853,0.4040000140667,4.15700006484985,8,2.696,0.044
held_flight_0,6730548,16.717,0,18,201195358.0,32.885,0.835,13,4.303,8.575,0.49200001358986,3.82200002670288,7,3.745,0.064
held_flight_0,6747160,16.612,0,18,201540714.0,32.885,0.835,7,4.063,9.208,0.51999998092651,3.76300001144409,6,3.684,0.058
held_flight_0,6764130,16.97,2,18,200074670.0,32.885,0.835,9,5.365,7.26,0.47799998521805,3.81200003623962,64,3.386,0.054
held_flight_0,6780431,16.301,1,18,199724686.0,32.885,0.835,6,0.251,11.953,0.45199999213219,3.80800008773804,4,0.008,0.035
held_flight_0,6797127,16.696,1,18,201099286.0,32.885,0.835,6,3.205,10.217,0.358000010252,4.22100019454956,4,2.607,0.038
held_flight_0,6813827,16.7,0,18,201791822.0,32.885,0.835,8,3.125,9.978,0.40200001001358,3.20499992370605,6,2.756,0.044
held_flight_0,6830594,16.767,0,18,202013222.0,32.885,0.835,8,3.898,8.599,0.42300000786781,3.88800001144409,6,3.336,0.05
held_flight_0,6847709,17.115,1,18,200454822.0,32.885,0.835,7,4.974,8.107,0.48899999260902,4.38700008392334,71,3.079,0.083
held_flight_0,6863853,16.144,0,18,199342282.0,32.885,0.835,8,0.496,12.442,0.5009999871254,4.41200017929077,5,0.006,0.052
held_flight_0,6880438,16.585,0,18,201184446.0,32.885,0.835,10,0.85,11.782,0.4210000038147,3.80100011825562,5,0.008,0.061
held_flight_0,6897116,16.678,0,18,201592738.0,32.885,0.835,8,3.503,9.654,0.5009999871254,3.82699990272522,4,2.926,0.048
held_flight_0,6913821,16.705,0,18,202413154.0,32.885,0.835,7,3.77,9.299,0.41400000452995,4.21999979019165,5,3.429,0.041
held_flight_0,6930670,16.849,0,18,202620966.0,32.885,0.835,6,2.935,10.002,0.40299999713898,3.83999991416931,6,2.56,0.055
held_flight_0,6948066,17.396,2,18,200824008.0,32.885,0.835,16,5.777,8.131,0.46999999880791,4.61199998855591,125,2.713,0.107
held_flight_0,6963908,15.842,1,18,199576918.0,32.885,0.835,10,1.143,11.44,0.93000000715256,4.71500015258789,158,0.012,0.093
held_flight_0,6980677,16.769,1,20,200360554.0,32.885,0.835,12,0.93,12.2,0.37000000476837,3.87299990653992,9,0.016,0.061
held_flight_0,6997220,16.543,1,20,200824290.0,32.885,0.835,13,0.794,12.596,0.73600000143051,4.03200006484985,9,0.01,0.086
held_flight_0,7013835,16.615,1,20,201293286.0,32.885,0.835,10,5.142,7.768,0.7039999961853,3.95000004768372,6,4.61,0.082
held_flight_0,7030454,16.619,0,20,202391198.0,14.024,0.801,8,3.746,9.37,0.41200000047684,3.98699998855591,6,3.412,0.047
held_flight_0,7047201,16.747,0,20,202662362.0,14.024,0.801,7,3.854,9.689,0.36199998855591,4.3289999961853,4,3.512,0.052
held_flight_0,7064120,16.919,1,20,201596952.0,14.024,0.801,8,4.775,8.875,0.47699999809265,3.95000004768372,70,2.628,0.101
held_flight_0,7080436,16.316,0,20,200817648.0,14.024,0.801,9,0.362,12.323,0.483000010252,3.94199991226196,6,0.006,0.062
held_flight_0,7097092,16.656,0,21,201990606.0,14.024,0.801,6,3.254,9.629,0.43200001120567,3.97099995613098,4,2.717,0.039
held_flight_0,7113941,16.849,0,21,202951746.0,14.024,0.801,6,3.598,9.477,0.38999998569489,3.93899989128113,4,3.28,0.039
held_flight_0,7130462,16.521,0,21,203222062.0,14.024,0.801,6,3.401,9.323,0.35499998927116,3.96499991416931,4,3.09,0.046
held_flight_0,7147394,16.932,2,21,201679164.0,14.024,0.801,9,4.206,8.523,0.41299998760223,3.93899989128113,76,2.621,0.042
held_flight_0,7163775,16.381,1,21,201053110.0,14.024,0.801,6,0.65,12.09,0.50199997425079,3.9909999370575,4,0.008,0.037
held_flight_0,7180414,16.639,1,21,202237042.0,14.024,0.801,6,3.299,10.176,0.38899999856949,3.93899989128113,5,2.666,0.046
held_flight_0,7197133,16.719,0,21,203349630.0,14.024,0.801,6,3.622,9.542,0.38499999046326,3.98900008201599,4,3.301,0.038
held_flight_0,7213762,16.629,0,21,203513382.0,14.024,0.801,7,3.058,9.865,0.36800000071526,4.00400018692017,4,2.654,0.052
held_flight_0,7230444,16.682,0,21,201995994.0,14.024,0.801,6,4.506,8.498,0.40999999642372,4.0460000038147,59,2.917,0.04
held_flight_0,7247488,17.044,0,21,202446956.0,14.024,0.801,8,4.612,10.217,0.45500001311302,4.14900016784668,84,2.857,0.044
held_flight_0,7263737,16.249,0,21,202969520.0,14.024,0.801,6,4.409,8.399,0.48800000548363,4.05100011825562,125,2.769,0.082
held_flight_0,7280425,16.688,0,21,203864464.0,14.024,0.801,74,3.844,9.281,0.43999999761581,3.99499988555908,85,2.553,0.042
held_flight_0,7297438,17.013,0,21,204396284.0,14.024,0.801,36,4.913,8.413,0.36000001430511,4.03800010681152,74,3.301,0.047
held_flight_0,7313786,16.348,0,21,205098772.0,14.024,0.801,65,5.326,7.412,0.35299998521805,4.00600004196167,147,2.931,0.078
held_flight_0,7330607,16.821,0,21,205232600.0,14.024,0.801,39,3.884,9.791,0.63099998235703,4.05600023269653,80,2.512,0.055
held_flight_0,7347224,16.617,0,21,205256340.0,14.024,0.801,67,3.374,9.926,0.61900001764297,4.08400011062622,141,2.679,0.082
held_flight_0,7364088,16.864,0,21,205270828.0,14.024,0.801,63,4.632,8.767,0.94900000095367,4.08799982070923,135,3.945,0.117
held_flight_0,7380561,16.473,0,21,205322112.0,14.024,0.801,68,3.525,9.876,0.61799997091293,4.06899976730347,142,2.817,0.082
held_flight_0,7397261,16.7,0,21,205342632.0,14.024,0.801,69,6.365,7.34,0.80299997329712,4.1399998664856,169,5.625,0.078
held_flight_0,7413884,16.623,0,21,205357468.0,14.024,0.801,68,7.203,6.382,0.94700002670288,4.17000007629395,147,6.332,0.109
held_flight_0,7430572,16.688,0,21,205372416.0,14.024,0.801,68,5.776,8.057,0.64499998092651,4.24300003051758,148,4.595,0.108
held_flight_0,7447487,16.915,0,21,205633720.0,14.024,0.801,64,5.371,8.16,0.7049999833107,4.16499996185303,135,2.752,0.084
held_flight_0,7463856,16.369,0,21,205836492.0,14.024,0.801,49,5.13,8.185,0.7509999871254,4.35799980163574,116,3.149,0.084
held_flight_0,7480603,16.747,0,21,206048628.0,14.024,0.801,75,7.172,6.884,0.51800000667572,4.4210000038147,342,3.968,0.084
held_flight_0,7497300,16.697,0,21,206073276.0,14.024,0.801,93,3.531,10.238,0.81499999761581,4.40199995040894,189,2.706,0.101
held_flight_0,7513912,16.612,0,21,206093808.0,14.024,0.801,79,3.804,10.283,0.8309999704361,4.7519998550415,185,2.968,0.087
held_flight_0,7530550,16.638,0,21,206108756.0,14.024,0.801,82,5.196,9.227,0.8289999961853,4.3439998626709,173,4.161,0.084
held_flight_0,7547300,16.75,0,21,206129272.0,14.024,0.801,103,9.926,4.333,0.7379999756813,4.74599981307983,189,9.051,0.077
held_flight_0,7563857,16.557,0,21,206149800.0,14.024,0.801,46,5.36,8.258,0.51599997282028,4.34700012207031,117,4.794,0.078
held_flight_0,7580539,16.682,0,21,206168284.0,14.024,0.801,70,4.09,10.349,0.50199997425079,4.70900011062622,165,3.329,0.078
held_flight_0,7597291,16.752,0,21,206319936.0,14.024,0.801,69,5.512,8.8,0.77399998903275,4.78399991989136,155,2.805,0.109
held_flight_0,7613856,16.565,0,21,206446568.0,14.024,0.801,63,5.303,8.339,0.89600002765656,4.44999980926514,119,2.76,0.066
held_flight_0,7630571,16.715,0,21,206571496.0,14.024,0.801,83,6.033,8.037,0.56000000238419,4.92500019073486,178,2.96,0.064
held_flight_0,7647229,16.658,0,21,206586516.0,14.024,0.801,74,5.177,8.446,0.97600001096725,4.43699979782104,209,4.124,0.104
held_flight_0,7663834,16.605,0,21,206602268.0,14.024,0.801,85,3.679,10.13,0.966000020504,4.47300004959106,206,2.824,0.105
held_flight_0,7680564,16.73,0,21,206610632.0,14.024,0.801,77,3.48,10.324,0.80699998140335,4.49200010299683,145,2.82,0.071
held_flight_0,7697348,16.784,0,21,206619040.0,14.024,0.801,57,3.65,10.144,0.90600001811981,4.47700023651123,134,2.646,0.068
held_flight_0,7713799,16.451,0,21,206633528.0,14.024,0.801,40,4.112,9.556,0.67199999094009,4.46400022506714,98,3.592,0.089
held_flight_0,7730581,16.782,0,21,206641936.0,14.024,0.801,56,3.189,11.1,0.47799998521805,4.52699995040894,145,2.591,0.061
held_flight_0,7747092,16.511,0,21,207028192.0,14.024,0.801,80,6.577,7.867,0.62800002098083,5.00299978256226,194,3.383,0.1
held_flight_0,7763772,16.68,0,21,207400612.0,14.024,0.801,46,5.321,8.512,0.90600001811981,4.46600008010864,108,3.636,0.047
held_flight_0,7780447,16.675,0,21,207632940.0,14.024,0.801,59,3.156,10.248,0.50199997425079,4.4539999961853,138,2.573,0.047
held_flight_0,7797289,16.842,0,21,207886080.0,14.024,0.801,73,5.213,8.616,0.65600001811981,4.55700016021729,178,4.498,0.05
held_flight_0,7813962,16.673,0,21,207620208.0,14.024,0.801,50,4.12,9.697,0.88899999856949,4.53299999237061,106,3.42,0.079
held_flight_0,7830599,16.637,0,21,207849068.0,14.024,0.801,56,3.425,10.229,0.49599999189377,4.6230001449585,152,2.764,0.111
held_flight_0,7847221,16.622,0,21,207899196.0,14.024,0.801,42,3.047,11.07,0.92699998617172,4.56300020217896,94,2.545,0.084
held_flight_0,7863965,16.744,0,21,208094752.0,14.024,0.801,80,4.316,10.489,0.62099999189377,4.58099985122681,203,3.493,0.059
held_flight_0,7880547,16.582,0,21,208269340.0,14.024,0.801,59,7.435,6.609,0.48100000619888,4.56799983978271,314,4.244,0.113
held_flight_0,7897104,16.557,0,21,208550420.0,14.024,0.801,40,4.357,9.196,0.98600000143051,4.55000019073486,247,3.619,0.08
held_flight_0,7913949,16.845,0,21,208608468.0,14.024,0.801,45,1.181,12.911,0.60100001096725,4.54400014877319,125,0.672,0.079
held_flight_0,7930608,16.659,0,21,208610808.0,14.024,0.801,89,0.888,13.225,0.48600000143051,4.59800004959106,255,0.013,0.081
held_flight_0,7947147,16.539,0,21,208613148.0,14.024,0.801,119,0.921,13.455,0.94999998807907,4.51000022888184,243,0.011,0.096
held_flight_0,7963834,16.687,0,21,208615492.0,14.024,0.801,65,0.967,12.365,0.88800001144409,4.58099985122681,203,0.007,0.048
held_flight_0,7980686,16.852,0,21,208617832.0,14.024,0.801,47,0.563,12.658,0.94099998474121,4.51100015640259,126,0.007,0.072
held_flight_0,7997109,16.423,0,21,208626748.0,14.024,0.801,48,2.747,10.156,0.55800002813339,4.62900018692017,192,0.01,0.102
held_flight_0,8013913,16.804,0,21,208629084.0,14.024,0.801,53,0.562,13.422,0.42399999499321,4.58699989318848,135,0.006,0.063
held_flight_0,8030386,16.473,0,21,208631424.0,14.848,0.542,78,0.781,12.739,0.533999979496,4.61800003051758,193,0.01,0.081
held_flight_0,8047053,16.667,0,21,208633752.0,14.848,0.542,43,0.462,14.434,0.71100002527237,3.97900009155273,131,0.005,0.046
held_flight_0,8063957,16.904,0,21,208636092.0,14.848,0.542,39,0.416,13.69,0.51999998092651,4.64799976348877,115,0.007,0.044
held_flight_0,8080475,16.518,0,21,208638428.0,14.848,0.542,63,0.705,13.167,0.42300000786781,4.58900022506714,165,0.008,0.07
held_flight_0,8097254,16.779,0,21,208640764.0,14.848,0.542,47,0.492,13.447,0.68300002813339,4.67700004577637,123,0.006,0.051
held_flight_0,8113845,16.591,0,21,208649572.0,14.848,0.542,68,2.796,11.547,0.47600001096725,4.97599983215332,188,0.009,0.08
held_flight_0,8130527,16.682,0,21,208652412.0,14.848,0.542,78,0.77,13.321,0.85900002717972,4.6560001373291,220,0.01,0.097
held_flight_0,8147288,16.761,0,21,208654740.0,14.848,0.542,81,0.834,13.228,0.91299998760223,4.6729998588562,224,0.01,0.083
held_flight_0,8163939,16.651,0,21,208657072.0,14.848,0.542,67,0.962,12.962,0.78500002622604,4.67000007629395,222,0.014,0.087
held_flight_0,8180571,16.632,0,21,208659412.0,14.848,0.542,103,0.862,13.178,0.95800000429153,4.61100006103516,209,0.014,0.091
held_flight_0,8197182,16.611,0,21,208661756.0,14.848,0.542,73,0.691,14.482,0.90200001001358,4.05499982833862,182,0.01,0.078
held_flight_0,8213844,16.662,0,21,208664092.0,14.848,0.542,61,0.651,13.919,0.61500000953674,4.70100021362305,170,0.009,0.075
held_flight_0,8230431,16.587,0,21,208672900.0,14.848,0.542,59,3.032,11.285,0.65700000524521,4.67600011825562,159,0.011,0.081
held_flight_0,8247256,16.825,0,21,208675240.0,14.848,0.542,51,0.556,13.896,0.63999998569489,4.69099998474121,146,0.007,0.068
held_flight_0,8263855,16.599,0,21,208677580.0,14.848,0.542,243,1.126,12.678,0.56199997663498,4.69500017166138,288,0.013,0.1
held_flight_0,8280488,16.633,0,21,208679916.0,14.848,0.542,80,0.908,13.317,0.76800000667572,4.7020001411438,301,0.012,0.094
held_flight_0,8297033,16.545,0,21,208682252.0,14.848,0.542,42,0.765,13.363,0.61599999666214,4.66099977493286,212,0.005,0.076
held_flight_0,8313799,16.766,0,21,208684592.0,14.848,0.542,37,0.412,13.965,0.58799999952316,4.82600021362305,135,0.005,0.041
held_flight_0,8330541,16.742,0,21,208686932.0,14.848,0.542,60,0.654,13.435,0.45500001311302,4.6710000038147,176,0.01,0.069
held_flight_0,8347084,16.543,0,21,208695732.0,14.848,0.542,74,2.954,11.188,0.68900001049042,4.69299983978271,209,0.013,0.074
held_flight_0,8363904,16.82,0,21,208698068.0,14.848,0.542,44,0.468,13.412,0.92199999094009,4.65799999237061,125,0.006,0.071
held_flight_0,8380537,16.633,0,21,208700408.0,14.848,0.542,70,0.774,13.338,0.43999999761581,4.7350001335144,197,0.01,0.082
held_flight_0,8397257,16.72,0,21,208702736.0,14.848,0.542,65,0.792,13.12,0.74000000953674,4.72200012207031,210,0.01,0.089
held_flight_0,8413861,16.604,0,21,208705068.0,14.848,0.542,54,0.635,13.276,0.91000002622604,4.7519998550415,237,0.007,0.054
held_flight_0,8430547,16.686,0,21,208707404.0,14.848,0.542,74,0.783,13.455,0.87199997901917,4.75,209,0.01,0.086
held_flight_0,8447250,16.703,0,21,208709308.0,14.848,0.542,241,1.194,13.503,0.82499998807907,4.80100011825562,239,0.014,0.105
held_flight_0,8463812,16.562,1,21,209129780.0,14.848,0.542,72,4.572,9.912,0.92199999094009,4.72700023651123,199,0.009,0.097
held_flight_0,8480452,16.64,0,21,210273142.0,14.848,0.542,81,5.125,9.021,0.75199997425079,4.75099992752075,192,4.258,0.074
held_flight_1,8497193,16.741,0,21,210507370.0,14.848,0.542,50,5.037,8.773,0.51999998092651,4.71000003814697,130,3.598,0.059
held_flight_1,8513694,16.501,0,21,210790930.0,14.848,0.542,44,4.869,8.499,0.56599998474121,4.47300004959106,245,3.752,0.062
held_flight_1,8530383,16.689,0,21,211047126.0,14.848,0.542,42,3.641,10.17,0.44800001382828,4.43599987030029,125,3.154,0.044
held_flight_1,8547074,16.691,0,21,211049510.0,14.848,0.542,39,0.467,13.205,0.41600000858307,4.46799993515015,126,0.006,0.051
held_flight_1,8563730,16.656,0,21,210975888.0,14.848,0.542,52,0.539,13.052,0.39599999785423,4.43599987030029,147,0.007,0.057
held_flight_1,8580361,16.631,0,21,211412268.0,14.848,0.542,40,1.837,11.673,0.42599999904633,4.46799993515015,110,0.117,0.053
held_flight_1,8597075,16.714,0,21,212477720.0,14.848,0.542,43,4.392,9.361,0.42500001192093,4.54199981689453,123,2.762,0.047
held_flight_1,8613807,16.732,0,21,212918268.0,14.848,0.542,79,5.677,8.908,0.43399998545647,4.58300018310547,165,3.306,0.048
held_flight_1,8630413,16.606,0,21,213272000.0,14.848,0.542,53,5.304,8.626,0.68199998140335,4.54500007629395,151,2.789,0.08
held_flight_1,8647105,16.692,0,21,213676108.0,14.848,0.542,49,4.836,9.599,0.55400002002716,4.5789999961853,158,2.742,0.063
held_flight_1,8663780,16.675,0,21,214477716.0,14.848,0.542,76,5.903,8.325,0.51099997758865,4.55399990081787,220,3.87,0.06
held_flight_1,8680347,16.567,0,21,215174272.0,14.848,0.542,69,5.666,8.248,0.42500001192093,4.60300016403198,245,2.64,0.063
held_flight_1,8697685,17.338,1,21,216081852.0,14.848,0.542,68,5.079,8.966,0.69800001382828,4.5460000038147,202,3.137,0.039
held_flight_1,8713803,16.118,0,21,211585170.0,14.848,0.542,62,0.835,12.88,0.93999999761581,4.66200017929077,10,0.007,0.066
held_flight_1,8730563,16.76,0,23,212099394.0,14.848,0.542,10,3.569,10.731,0.67599999904633,5.1560001373291,6,2.576,0.062
held_flight_1,8747154,16.591,0,23,212195586.0,14.848,0.542,11,3.207,10.519,0.55900001525879,4.63100004196167,6,2.678,0.057
held_flight_1,8764338,17.184,0,23,211884582.0,14.848,0.542,12,6.418,7.968,0.69800001382828,4.61100006103516,134,2.796,0.081
held_flight_1,8780500,16.162,0,23,211845014.0,14.848,0.542,10,0.592,13.122,0.97500002384186,4.68200016021729,8,0.012,0.088
held_flight_1,8797002,16.502,0,23,212127270.0,14.848,0.542,15,1.227,12.711,0.93199998140335,4.68100023269653,8,0.01,0.088
held_flight_1,8813749,16.747,0,23,212378642.0,14.848,0.542,6,4.561,9.206,0.82300001382828,4.71999979019165,55,2.96,0.075
held_flight_1,8830893,17.144,0,23,212843718.0,14.848,0.542,8,4.726,9.471,0.46999999880791,4.68699979782104,83,2.857,0.056
held_flight_1,8847114,16.221,0,23,212543602.0,14.848,0.542,10,0.457,12.832,0.56999999284744,4.72700023651123,7,0.025,0.067
held_flight_1,8863711,16.597,0,23,212965898.0,14.848,0.542,9,2.284,11.607,0.59500002861023,4.68900012969971,9,1.117,0.067
held_flight_1,8880407,16.696,0,23,213078994.0,14.848,0.542,6,5.506,8.234,0.77100002765656,4.73199987411499,70,3.374,0.046
held_flight_1,8897488,17.081,0,23,213317702.0,14.848,0.542,6,4.438,9.317,0.54900002479553,4.69999980926514,66,2.679,0.064
held_flight_1,8913814,16.326,0,23,213064370.0,14.848,0.542,8,0.42,13.557,0.48800000548363,4.7020001411438,6,0.01,0.068
held_flight_1,8930528,16.714,0,24,213304382.0,14.848,0.542,21,5.478,8.957,0.59200000762939,4.73999977111816,10,3.947,0.075
held_flight_1,8947265,16.737,1,24,212945124.0,14.848,0.542,11,6.954,6.685,0.98600000143051,4.71500015258789,149,3.698,0.083
held_flight_1,8963979,16.714,1,24,213257650.0,14.848,0.542,11,4.342,9.789,0.67599999904633,4.80299997329712,297,3.325,0.116
held_flight_1,8980356,16.377,0,24,213549610.0,14.848,0.542,39,0.349,13.263,0.99000000953674,4.8600001335144,4,0.006,0.043
held_flight_1,9000269,19.913,0,24,213779054.0,14.848,0.542,8,3.219,10.47,0.59399998188019,4.65399980545044,5,2.559,0.047
held_flight_1,9013737,13.468,1,24,213449372.0,15.197,0.803,6,4.684,5.964,0.70099997520447,4.72300004959106,58,3.128,0.049
held_flight_1,9030609,16.872,0,24,214683943.0,15.197,0.803,6,5.207,8.528,0.4709999859333,4.66900014877319,202,3.039,0.041
held_flight_1,9047020,16.411,0,24,214651218.0,15.197,0.803,34,0.393,13.316,0.43900001049042,4.70300006866455,4,0.005,0.036
held_flight_1,9063699,16.679,0,25,214966842.0,15.197,0.803,7,3.391,10.417,0.38999998569489,4.68100023269653,5,2.771,0.041
held_flight_1,9080368,16.669,0,25,215417886.0,15.197,0.803,6,4.235,9.73,0.44999998807907,4.70900011062622,57,2.621,0.049
held_flight_1,9097528,17.16,1,25,216246666.0,15.197,0.803,6,4.373,9.606,0.47299998998642,4.67399978637695,147,2.575,0.049
held_flight_1,9113733,16.205,0,25,215600986.0,15.197,0.803,67,0.669,13.654,0.5799999833107,5.28900003433228,7,0.01,0.056
held_flight_1,9130435,16.702,0,25,216065462.0,15.197,0.803,8,3.823,9.99,0.6710000038147,4.67399978637695,5,3.008,0.055
held_flight_1,9147185,16.75,0,25,216259942.0,15.197,0.803,105,5.013,9.299,0.50499999523163,4.05399990081787,58,3.143,0.064
held_flight_1,9164158,16.973,1,25,216558998.0,15.197,0.803,7,5.139,9.629,0.60699999332428,4.05100011825562,134,3.263,0.051
held_flight_1,9180451,16.293,0,25,216458834.0,15.197,0.803,56,0.413,13.089,0.44699999690056,4.6729998588562,8,0.01,0.058
held_flight_1,9197670,17.219,0,25,216709122.0,15.197,0.803,9,3.44,10.846,0.63899999856949,4.90700006484985,7,2.523,0.079
held_flight_1,9213721,16.051,0,25,216272290.0,15.197,0.803,15,6.433,7.613,0.61400002241135,5.16099977493286,113,3.223,0.059
held_flight_1,9231041,17.32,1,25,217123746.0,15.197,0.803,12,5.485,9.069,0.88800001144409,4.92000007629395,198,3.174,0.056
held_flight_1,9247106,16.065,0,25,216564390.0,15.197,0.803,77,0.611,12.662,0.69300001859665,4.77699995040894,12,0.008,0.077
held_flight_1,9263730,16.624,0,25,217418914.0,15.197,0.803,8,2.164,11.996,0.93199998140335,4.7979998588562,4,1.11,0.066
held_flight_1,9280528,16.798,0,25,217435098.0,15.197,0.803,8,3.223,11.011,0.54799997806549,4.77699995040894,6,2.547,0.053
held_flight_1,9297167,16.639,0,25,217576366.0,15.197,0.803,12,3.617,10.423,0.64200001955032,4.80999994277954,7,2.595,0.099
held_flight_1,9314463,17.296,1,25,217652078.0,15.197,0.803,13,5.711,8.308,0.89600002765656,4.76599979400635,114,2.636,0.08
held_flight_1,9330327,15.864,0,25,217141370.0,15.197,0.803,11,0.633,12.734,0.97299998998642,4.81199979782104,8,0.009,0.074
held_flight_1,9347157,16.83,0,26,217468442.0,15.197,0.803,7,2.888,11.732,0.9539999961853,4.13899993896484,4,2.342,0.037
held_flight_1,9363670,16.513,0,26,216899006.0,15.197,0.803,9,5.9,8.422,0.48100000619888,4.81099987030029,96,2.829,0.086
held_flight_1,9381125,17.455,0,26,217711050.0,15.197,0.803,7,5.047,8.986,0.99199998378754,4.76900005340576,134,3.375,0.044
held_flight_1,9397068,15.943,0,26,217159954.0,15.197,0.803,61,0.756,13.736,0.6129999756813,5.55800008773804,7,0.015,0.07
held_flight_1,9413841,16.773,0,26,217389646.0,15.197,0.803,10,4.911,9.908,0.89099997282028,5.01599979400635,7,4.081,0.055
held_flight_1,9430560,16.719,0,26,217003370.0,15.197,0.803,17,9.359,6.382,0.76499998569489,5.79199981689453,166,4.843,0.086
held_flight_1,9448111,17.551,0,26,217922618.0,15.197,0.803,23,8.425,6.94,1.04900002479553,4.94000005722046,408,4.076,0.126
held_flight_1,9463678,15.567,0,26,217678374.0,15.197,0.803,71,0.819,12.671,1.55400002002716,5.14099979400635,8,0.013,0.084
held_flight_1,9480364,16.686,0,27,218057614.0,15.197,0.803,14,4.475,9.906,1.16299998760223,4.99399995803833,9,3.689,0.042
held_flight_1,9497074,16.71,0,27,217801062.0,15.197,0.803,5,4.087,10.303,0.75199997425079,5.04099988937378,52,2.523,0.041
held_flight_1,9514438,17.364,0,27,218229266.0,15.197,0.803,14,6.809,7.861,0.50599998235703,4.9689998626709,252,2.864,0.058
held_flight_1,9530539,16.101,0,27,217695150.0,15.197,0.803,87,0.703,13.357,1.78299999237061,5.10300016403198,8,0.02,0.094
held_flight_1,9547823,17.284,0,28,218054466.0,15.197,0.803,15,2.002,13.078,1.06599998474121,5.77699995040894,311,0.011,0.165
held_flight_1,9563838,16.015,0,28,218455126.0,15.197,0.803,14,5.051,8.815,1.13300001621246,5.0939998626709,9,3.621,0.126
held_flight_1,9581042,17.204,0,28,218041410.0,15.197,0.803,11,9.936,6.343,0.98699998855591,5.88299989700317,91,6.205,0.081
held_flight_1,9597113,16.071,0,28,218100590.0,15.197,0.803,7,0.537,13.485,0.88099998235703,5.10799980163574,6,0.008,0.061
held_flight_1,9613840,16.727,0,28,218329850.0,15.197,0.803,6,1.464,12.474,0.81900000572205,4.99499988555908,5,0.754,0.071
held_flight_1,9630344,16.504,0,28,218099970.0,15.197,0.803,10,8.026,6.015,0.51800000667572,5.03999996185303,82,4.232,0.095
held_flight_1,9647422,17.078,0,28,219056458.0,15.197,0.803,6,5.39,8.445,0.58499997854233,4.95699977874756,142,2.637,0.047
held_flight_1,9663671,16.249,0,28,218417150.0,15.197,0.803,44,0.377,13.514,0.49300000071526,5.03200006484985,6,0.007,0.044
held_flight_1,9680455,16.784,0,28,218900522.0,15.197,0.803,12,1.523,13.157,0.48899999260902,4.94399976730347,46,0.567,0.043
held_flight_1,9697130,16.675,0,28,219019366.0,15.197,0.803,9,3.498,10.674,1.00499999523163,5.11999988555908,6,2.852,0.064
held_flight_1,9713975,16.845,1,28,219363654.0,15.197,0.803,8,4.238,9.863,0.70899999141693,4.99599981307983,59,2.609,0.046
held_flight_1,9730332,16.357,0,28,219147226.0,15.197,0.803,8,0.297,13.59,0.48199999332428,5.125,5,0.006,0.04
held_flight_1,9747054,16.722,0,29,218898686.0,15.197,0.803,7,5.877,8.26,0.4839999973774,5.03399991989136,68,3.63,0.046
held_flight_1,9763728,16.674,0,29,219056710.0,15.197,0.803,11,5.2,9.329,0.56300002336502,4.97800016403198,228,2.618,0.096
held_flight_1,9780752,17.024,0,29,219302458.0,15.197,0.803,67,6.417,8.249,0.81400001049042,4.9520001411438,160,3.859,0.062
held_flight_1,9797194,16.442,0,29,219397240.0,15.197,0.803,69,0.493,13.787,0.57599997520447,5.72300004959106,8,0.009,0.053
held_flight_1,9813877,16.683,0,29,219846894.0,15.197,0.803,7,4.122,11.984,1.02199995517731,4.40000009536743,6,3.527,0.054
held_flight_1,9830434,16.557,0,29,219351610.0,15.197,0.803,8,6.136,8.643,0.44200000166893,5.25400018692017,74,3.233,0.065
held_flight_1,9847607,17.173,0,29,219640434.0,15.197,0.803,8,4.382,10.169,0.70700001716614,5.07100009918213,174,3.794,0.069
held_flight_1,9863856,16.249,0,29,219634754.0,15.197,0.803,79,0.92,13.419,0.63899999856949,5.20800018310547,12,0.014,0.07
held_flight_1,9880356,16.5,0,29,220130894.0,15.197,0.803,14,3.946,10.833,0.75599998235703,5.46099996566772,8,2.907,0.104
held_flight_1,9897035,16.679,0,29,220336742.0,15.197,0.803,6,3.435,11.64,0.9549999833107,5.56300020217896,4,2.503,0.048
held_flight_1,9914005,16.97,0,29,219872798.0,15.197,0.803,12,6.575,7.795,0.98699998855591,5.05700016021729,90,4.085,0.067
held_flight_1,9930470,16.465,0,29,219848110.0,15.197,0.803,6,0.435,13.938,0.5450000166893,5.2189998626709,4,0.011,0.047
held_flight_1,9947294,16.824,0,31,220342946.0,15.197,0.803,7,3.13,12.021,0.83799999952316,5.61299991607666,5,2.416,0.083
held_flight_1,9963853,16.559,0,31,220468578.0,15.197,0.803,13,3.834,10.738,0.54299998283386,5.26100015640259,9,3.095,0.081
held_flight_1,9981116,17.263,0,31,219936574.0,15.197,0.803,16,6.197,9.198,0.72399997711182,5.71700000762939,150,2.536,0.087
held_flight_1,9997008,15.892,0,31,219899016.0,15.197,0.803,16,0.52,14.535,1.15299999713898,6.55800008773804,9,0.009,0.09
held_flight_1,10013823,16.815,0,31,220247510.0,15.197,0.803,10,0.975,13.192,0.78600001335144,5.14099979400635,5,0.444,0.05
held_flight_1,10030338,16.515,0,31,219989510.0,16.303,1.243,5,5.387,9.096,0.99599999189377,5.2020001411438,61,3.491,0.101
held_flight_1,10047732,17.394,0,31,220248342.0,16.303,1.243,8,6.226,8.15,0.50499999523163,5.11499977111816,184,3.591,0.054
held_flight_1,10063786,16.054,0,31,220262658.0,16.303,1.243,50,1.014,13.28,0.78100001811981,5.20900011062622,153,0.01,0.181
held_flight_1,10080433,16.647,0,31,220623450.0,16.303,1.243,15,0.796,13.965,0.8289999961853,5.16300010681152,11,0.008,0.106
held_flight_1,10097095,16.662,0,31,220798314.0,16.303,1.243,9,3.456,12.003,0.90399998426437,5.75600004196167,7,2.568,0.076
held_flight_1,10113677,16.582,0,31,220782046.0,16.303,1.243,9,2.051,13.007,0.55299997329712,5.1230001449585,9,1.278,0.045
held_flight_1,10130449,16.772,0,31,220783162.0,16.303,1.243,6,0.302,14.674,0.50400000810623,5.60699987411499,5,0.006,0.048
held_flight_1,10146986,16.537,0,31,221257258.0,16.303,1.243,9,0.589,13.719,0.48600000143051,5.18200016021729,6,0.008,0.063
held_flight_1,10164274,17.288,0,31,220639506.0,16.303,1.243,18,4.981,9.974,0.61199998855591,5.40299987792969,144,2.988,0.051
held_flight_1,10180424,16.15,0,31,220401346.0,16.303,1.243,6,0.582,13.152,0.7379999756813,5.27500009536743,5,0.014,0.092
held_flight_1,10196983,16.559,0,32,220628310.0,16.303,1.243,7,3.591,10.849,0.70300000905991,5.14099979400635,5,2.97,0.073
held_flight_1,10213756,16.773,0,32,220635894.0,16.303,1.243,8,0.392,13.999,0.50999999046326,5.10900020599365,5,0.007,0.044
held_flight_1,10230340,16.584,0,32,221109990.0,16.303,1.243,6,0.299,14.916,0.71100002527237,5.15700006484985,4,0.006,0.046
held_flight_1,10247671,17.331,1,32,219888466.0,16.303,1.243,9,4.585,10.315,0.46000000834465,5.12099981307983,73,2.8,0.047
held_flight_1,10263814,16.143,0,32,219899030.0,16.303,1.243,9,0.58,13.704,0.59399998188019,5.23000001907349,6,0.008,0.244
held_flight_1,10280398,16.584,0,32,219996642.0,16.303,1.243,14,3.652,11.047,0.71399998664856,5.21000003814697,9,2.813,0.069
held_flight_1,10297069,16.671,0,32,220095982.0,16.303,1.243,8,1.837,13.158,0.9539999961853,5.19799995422363,6,1.433,0.057
held_flight_1,10313684,16.615,0,32,220097098.0,16.303,1.243,11,0.347,15.105,0.60299998521805,5.11100006103516,5,0.009,0.06
held_flight_1,10330321,16.637,0,32,220104686.0,16.303,1.243,7,0.435,14.262,0.57200002670288,5.15000009536743,7,0.007,0.057
held_flight_1,10347049,16.728,0,32,220581278.0,16.303,1.243,6,0.275,14.286,0.52100002765656,5.11600017547607,4,0.006,0.044
held_flight_1,10363967,16.918,1,32,220062554.0,16.303,1.243,6,4.959,9.613,0.48699998855591,5.1560001373291,78,2.988,0.05
held_flight_1,10380330,16.363,0,32,220014234.0,16.303,1.243,5,0.267,13.823,0.50199997425079,5.11999988555908,3,0.012,0.041
held_flight_1,10396996,16.666,0,32,220271826.0,16.303,1.243,9,2.806,12.583,0.49099999666214,5.67500019073486,4,2.351,0.043
held_flight_1,10413808,16.812,0,32,220272946.0,16.303,1.243,10,0.533,13.996,0.4839999973774,5.22399997711182,5,0.005,0.044
held_flight_1,10430291,16.483,0,32,220759170.0,16.303,1.243,7,0.3,14.777,0.93000000715256,5.25500011444092,4,0.006,0.08
held_flight_1,10447105,16.814,0,32,220215770.0,16.303,1.243,6,4.206,10.621,0.52300000190735,5.23099994659424,54,2.597,0.039
held_flight_1,10463825,16.72,0,32,220334562.0,16.303,1.243,12,3.585,11.364,0.51399999856949,5.44199991226196,119,2.94,0.078
held_flight_1,10480354,16.529,0,32,220489386.0,16.303,1.243,12,5.069,9.527,0.98299998044968,5.21700000762939,547,3.856,0.098
held_flight_1,10497121,16.767,0,32,220770134.0,16.303,1.243,80,4.878,11.202,1.02300000190735,6.30100011825562,251,4.004,0.065
held_flight_1,10513826,16.705,0,32,220911910.0,16.303,1.243,94,3.744,11.296,0.97200000286102,5.25899982452393,288,2.756,0.092
held_flight_1,10530499,16.673,0,32,220951338.0,16.303,1.243,80,1.889,13.132,0.94499999284744,5.44700002670288,273,0.978,0.107
held_flight_1,10547002,16.503,0,32,220953682.0,16.303,1.243,87,0.935,14.168,1.04200005531311,5.6269998550415,274,0.016,0.091
held_flight_1,10563848,16.846,0,32,220974214.0,16.303,1.243,68,2.572,12.439,1.07700002193451,5.36800003051758,163,0.007,0.055
held_flight_1,10580459,16.611,0,32,220977806.0,16.303,1.243,88,1.613,13.224,1.00100004673004,5.2519998550415,482,0.015,0.09
held_flight_1,10597117,16.658,0,32,220980142.0,16.303,1.243,75,1.019,13.973,1.06299996376038,5.33300018310547,233,0.01,0.083
held_flight_1,10613962,16.845,0,32,220981270.0,16.303,1.243,79,0.965,13.808,0.91500002145767,5.21999979019165,243,0.009,0.096
held_flight_1,10630314,16.352,0,32,220982402.0,16.303,1.243,11,0.905,13.52,0.48600000143051,5.25699996948242,116,0.008,0.062
held_flight_1,10646991,16.677,0,32,220983530.0,16.303,1.243,11,0.667,14.16,1.01400005817413,5.24200010299683,108,0.01,0.1
held_flight_1,10663817,16.826,0,32,220984646.0,16.303,1.243,7,0.377,14.613,0.98699998855591,4.57000017166138,71,0.006,0.058
held_flight_1,10680379,16.562,0,32,220992238.0,16.303,1.243,13,3.413,11.16,0.52899998426437,5.26000022888184,108,0.01,0.092
held_flight_1,10697115,16.736,0,32,220993362.0,16.303,1.243,11,0.55,14.74,1.10899996757507,5.625,91,0.009,0.07
held_flight_1,10713788,16.673,0,32,220994434.0,16.303,1.243,12,0.717,14.287,0.84799998998642,5.30000019073486,106,0.01,0.082
held_flight_1,10730449,16.661,0,32,220995562.0,16.303,1.243,13,0.665,14.799,0.9210000038147,5.82800006866455,113,0.036,0.085
held_flight_1,10747173,16.724,0,32,220996690.0,16.303,1.243,13,0.652,14.724,1.04900002479553,5.3600001335144,152,0.01,0.085
held_flight_1,10763744,16.571,0,32,220997814.0,16.303,1.243,15,0.968,13.656,0.97899997234344,5.26000022888184,109,0.014,0.086
held_flight_1,10780294,16.55,0,32,220998942.0,16.303,1.243,11,0.516,14.286,0.6700000166893,5.75799989700317,75,0.009,0.091
held_flight_1,10797045,16.751,0,32,221006534.0,16.303,1.243,6,1.548,13.156,0.57200002670288,5.28599977493286,56,0.006,0.043
held_flight_1,10813767,16.722,0,32,221007658.0,16.303,1.243,8,0.453,14.378,0.47699999809265,5.36700010299683,75,0.007,0.062
held_flight_1,10830377,16.61,0,32,221010458.0,16.303,1.243,12,0.564,14.251,0.55900001525879,5.3270001411438,104,0.01,0.079
held_flight_1,10847100,16.723,0,32,221011582.0,16.303,1.243,11,0.642,14.765,0.81900000572205,5.73600006103516,97,0.01,0.075
held_flight_1,10863751,16.651,0,32,221012706.0,16.303,1.243,11,0.578,14.216,0.8740000128746,5.26399993896484,99,0.01,0.076
held_flight_1,10880366,16.615,0,32,221013826.0,16.303,1.243,13,0.592,13.994,0.92699998617172,5.31300020217896,103,0.011,0.081
held_flight_1,10896946,16.58,0,32,221014954.0,16.303,1.243,10,0.876,13.537,0.82400000095367,5.69399976730347,89,0.009,0.063
held_flight_1,10913716,16.77,0,32,221022546.0,16.303,1.243,7,1.594,13.905,0.71299999952316,6.08799982070923,56,0.006,0.046
held_flight_1,10930339,16.623,0,32,221023670.0,16.303,1.243,11,0.546,14.127,0.46900001168251,5.29199981689453,90,0.009,0.068
held_flight_1,10947052,16.713,0,32,221027318.0,16.303,1.243,8,0.498,14.142,0.93400001525879,5.36299991607666,73,0.007,0.058
held_flight_1,10963676,16.624,0,32,221028442.0,16.303,1.243,9,0.474,13.997,0.66500002145767,5.30900001525879,79,0.007,0.054
held_flight_1,10980301,16.625,0,32,221029566.0,16.303,1.243,8,0.437,15.098,0.6710000038147,4.57299995422363,78,0.007,0.056
held_flight_1,10997015,16.714,0,32,221030686.0,16.303,1.243,7,0.383,14.043,0.65799999237061,5.43900012969971,60,0.005,0.043
held_flight_1,11013608,16.593,0,32,221031810.0,16.303,1.243,9,0.461,14.042,0.43999999761581,5.34000015258789,77,0.007,0.077
held_flight_1,11030269,16.661,0,32,221039402.0,16.104,0.862,6,1.521,13.026,0.65100002288818,5.36999988555908,52,0.006,0.043
held_flight_1,11047061,16.792,0,32,221040526.0,16.104,0.862,6,0.324,14.619,0.45199999213219,5.34100008010864,63,0.006,0.044
held_flight_1,11063748,16.687,0,32,221041650.0,16.104,0.862,10,0.527,14.608,0.47999998927116,5.44999980926514,96,0.01,0.073
held_flight_1,11080449,16.701,0,32,221042774.0,16.104,0.862,13,0.618,14.189,0.85500001907349,5.34000015258789,109,0.011,0.084
held_flight_1,11097145,16.696,0,32,221043906.0,16.104,0.862,12,1.246,13.858,0.87300002574921,5.55399990081787,324,0.011,0.083
held_flight_1,11113743,16.598,0,32,221045038.0,16.104,0.862,12,0.607,15.581,0.9879999756813,5.7350001335144,111,0.011,0.086
held_flight_1,11130375,16.632,0,32,221046162.0,16.104,0.862,12,0.584,14.909,0.9879999756813,5.52400016784668,114,0.01,0.082
held_flight_1,11147165,16.79,0,32,221053750.0,16.104,0.862,11,2.711,12.464,1.02300000190735,5.39699983596802,93,0.01,0.074
held_flight_1,11163744,16.579,0,32,221054874.0,16.104,0.862,14,1.219,14.058,0.86599999666214,5.5310001373291,110,0.01,0.079
held_flight_1,11180444,16.7,0,32,221055990.0,16.104,0.862,11,0.553,14.513,0.89600002765656,5.36299991607666,109,0.01,0.078
held_flight_1,11197100,16.656,0,32,221057118.0,16.104,0.862,12,0.595,14.667,0.90600001811981,5.42399978637695,118,0.01,0.085
held_flight_1,11213743,16.643,0,32,221058246.0,16.104,0.862,12,0.66,14.964,0.92299997806549,5.80399990081787,154,0.011,0.083
held_flight_1,11230420,16.677,0,32,221059374.0,16.104,0.862,12,0.63,14.894,0.96100002527237,5.52899980545044,150,0.011,0.081
held_flight_1,11247103,16.683,0,32,221060502.0,16.104,0.862,11,0.553,14.468,0.97399997711182,5.34200000762939,109,0.01,0.08
held_flight_1,11263748,16.645,0,32,221068094.0,16.104,0.862,11,3.153,12.805,0.83200001716614,6.08500003814697,97,0.011,0.085
held_flight_1,11280345,16.597,0,32,221069230.0,16.104,0.862,12,0.602,14.502,0.92699998617172,5.42199993133545,113,0.011,0.082
held_flight_1,11297159,16.814,0,32,221070362.0,16.104,0.862,11,0.516,14.803,0.81199997663498,5.55499982833862,98,0.009,0.066
held_flight_1,11313762,16.603,0,32,221071490.0,16.104,0.862,13,1.293,13.878,0.84200000762939,5.37599992752075,253,0.01,0.084
held_flight_1,11330408,16.646,0,32,221072618.0,16.104,0.862,12,0.601,14.426,0.98299998044968,5.41200017929077,110,0.01,0.081
held_flight_1,11347085,16.677,0,32,221073746.0,16.104,0.862,13,0.757,15.09,0.94199997186661,5.875,153,0.011,0.086
held_flight_1,11363744,16.659,0,32,221074830.0,16.104,0.862,12,0.606,15.113,0.93599998950958,5.98699998855591,116,0.011,0.098
held_flight_1,11380422,16.678,0,32,221082430.0,16.104,0.862,12,3.276,12.431,0.9200000166893,5.88600015640259,102,0.011,0.084
held_flight_1,11397034,16.612,0,32,221083558.0,16.104,0.862,12,0.578,14.807,1.08399999141693,5.53700017929077,109,0.01,0.087
held_flight_1,11413790,16.756,0,32,221084686.0,16.104,0.862,11,0.558,15.593,0.92500001192093,5.80100011825562,102,0.01,0.073
held_flight_1,11430404,16.614,0,32,221085814.0,16.104,0.862,14,1.151,14.943,0.71399998664856,6.01599979400635,150,0.011,0.085
held_flight_1,11447067,16.663,0,32,221086946.0,16.104,0.862,13,0.586,14.894,0.97299998998642,5.3769998550415,113,0.011,0.081
held_flight_1,11464300,17.233,0,32,221088074.0,16.104,0.862,13,0.612,16.22,0.98299998044968,4.67199993133545,139,0.011,0.08
held_flight_1,11480411,16.111,0,32,221089198.0,16.104,0.862,15,0.66,13.949,1.06200003623962,5.45800018310547,121,0.011,0.082
held_flight_1,11497121,16.71,0,32,221096406.0,16.104,0.862,11,2.981,12.376,1.00999999046326,5.34299993515015,98,0.011,0.077
