phase,time_us,frame_ms,queued,sdf_pages,engine_static_bytes
startup,2975923,187.092,0,0,66069123.0
startup,2981992,6.069,0,0,66070493.0
startup,2992137,10.145,0,0,66071165.0
startup,3008857,16.72,0,0,66069877.0
startup,3025520,16.663,0,0,66042873.0
startup,3042183,16.663,0,0,66042979.0
startup,3058848,16.665,0,0,66042641.0
startup,3075522,16.674,0,0,66043879.0
startup,3092189,16.667,0,0,66041243.0
startup,3108849,16.66,0,0,66041651.0
startup,3125509,16.66,0,0,66061237.0
startup,3142179,16.67,0,0,66067505.0
startup,3158836,16.657,0,0,66067013.0
startup,3175512,16.676,0,0,66066213.0
startup,3192167,16.655,0,0,66064219.0
startup,3208872,16.705,0,0,66066619.0
startup,3225501,16.629,0,0,66222487.0
startup,3242169,16.668,0,0,66222315.0
startup,3258830,16.661,0,0,66221331.0
startup,3275500,16.67,0,0,66216461.0
startup,3292162,16.662,0,0,66216465.0
startup,3308832,16.67,0,0,66221485.0
startup,3325534,16.702,0,0,66210185.0
startup,3342164,16.63,0,0,66209267.0
startup,3358829,16.665,0,0,66209709.0
startup,3375496,16.667,0,0,66208861.0
startup,3392161,16.665,0,0,66209685.0
startup,3408828,16.667,0,0,66211751.0
startup,3425493,16.665,0,0,66208185.0
startup,3442160,16.667,0,0,66209895.0
startup,3458823,16.663,0,0,66211401.0
startup,3475510,16.687,0,0,66155213.0
startup,3492161,16.651,1,0,67058255.0
startup,3508849,16.688,0,0,67452953.0
startup,3525499,16.65,2,0,69546069.0
startup,3542213,16.714,0,0,70272933.0
startup,3558860,16.647,0,0,71204947.0
startup,3575501,16.641,0,0,71630355.0
startup,3592154,16.653,0,0,72415759.0
startup,3608824,16.67,0,0,72791935.0
startup,3625486,16.662,0,0,73566711.0
startup,3642867,17.381,0,0,73977059.0
startup,3659386,16.519,0,0,75994435.0
startup,3676492,17.106,0,0,76150371.0
startup,3693362,16.87,2,0,76778345.0
startup,3712374,19.012,0,0,77608285.0
startup,3727792,15.418,2,0,78604115.0
startup,3744259,16.467,0,0,79429487.0
startup,3760629,16.37,2,0,80396375.0
startup,3777821,17.192,0,0,81127335.0
startup,3792966,15.145,2,0,82255581.0
startup,3809575,16.609,0,0,82646217.0
startup,3825715,16.14,1,0,83868011.0
startup,3842508,16.793,0,0,84026043.0
startup,3858881,16.373,0,0,84960971.0
startup,3876340,17.459,0,0,85215523.0
startup,3892651,16.311,2,0,86152683.0
startup,3908810,16.159,0,0,87053115.0
startup,3925471,16.661,1,0,88137349.0
startup,3942274,16.803,0,0,88610749.0
startup,3958800,16.526,0,0,89639999.0
startup,3975503,16.703,0,0,89979819.0
startup,3992152,16.649,0,0,90767857.0
startup,4008804,16.652,0,0,91123017.0
startup,4025485,16.681,0,0,91915783.0
startup,4042139,16.654,0,0,92279839.0
startup,4058799,16.66,0,0,93007815.0
startup,4075470,16.671,0,0,93305771.0
startup,4092147,16.677,0,0,94116651.0
startup,4108802,16.655,0,0,94483931.0
startup,4125468,16.666,0,0,95232583.0
startup,4142160,16.692,0,0,95603797.0
startup,4158791,16.631,3,0,96420037.0
startup,4175524,16.733,0,0,97916377.0
startup,4192128,16.604,3,0,99133303.0
startup,4208800,16.672,0,0,100102079.0
startup,4225464,16.664,0,0,100973279.0
startup,4242123,16.659,0,0,101353351.0
startup,4258787,16.664,3,0,102179883.0
startup,4275457,16.67,0,0,103876183.0
startup,4292183,16.726,3,0,105318719.0
startup,4308792,16.609,0,0,106416997.0
startup,4325452,16.66,3,0,107668877.0
startup,4342121,16.669,0,0,108773921.0
startup,4358788,16.667,3,0,109706641.0
startup,4375491,16.703,0,0,111102045.0
startup,4392419,16.928,2,0,112119691.0
startup,4408799,16.38,0,0,113232171.0
startup,4425450,16.651,3,0,114362249.0
startup,4442133,16.683,2,0,116110505.0
startup,4458798,16.665,2,0,116950153.0
startup,4475750,16.952,0,0,118470569.0
startup,4492435,16.685,2,0,119481665.0
startup,4508781,16.346,0,0,120945301.0
startup,4526150,17.369,2,0,122190021.0
startup,4542114,15.964,2,0,123713557.0
startup,4558817,16.703,2,0,124077257.0
startup,4576654,17.837,0,0,126436669.0
startup,4593882,17.228,1,0,127609699.0
startup,4608772,14.89,0,0,128209679.0
startup,4625588,16.816,4,0,128568117.0
startup,4642112,16.524,5,0,128918113.0
startup,4658786,16.674,5,0,129261793.0
startup,4675444,16.658,4,0,130003021.0
startup,4692109,16.665,4,0,131034909.0
startup,4708772,16.663,0,0,131533281.0
startup,4726755,17.983,5,0,131974921.0
startup,4742125,15.37,6,0,132329897.0
startup,4758774,16.649,6,0,132593649.0
startup,4775434,16.66,4,0,133595555.0
startup,4792105,16.671,3,0,134252809.0
startup,4808771,16.666,2,0,134800093.0
startup,4825437,16.666,1,0,138883789.0
startup,4844093,18.656,0,0,138418651.0
startup,4864688,20.595,2,0,139424561.0
startup,4875385,10.697,2,0,139966845.0
startup,4892107,16.722,0,0,140869865.0
startup,4909621,17.514,0,0,141288349.0
startup,4927403,17.782,3,0,141833583.0
startup,4942099,14.696,3,0,142500775.0
startup,4958767,16.668,4,0,143216547.0
startup,4975434,16.667,1,0,143965883.0
startup,4994155,18.721,3,0,145476405.0
startup,5008759,14.604,2,0,145767053.0
startup,5025451,16.692,4,0,146104221.0
startup,5042103,16.652,4,0,146470869.0
startup,5058776,16.673,4,0,147604053.0
startup,5077554,18.778,2,0,148442253.0
startup,5092104,14.55,4,0,149014429.0
startup,5108778,16.674,2,0,149451833.0
startup,5128511,19.733,2,0,150021473.0
startup,5148229,19.718,0,0,150921079.0
startup,5169235,21.006,4,0,151103081.0
startup,5177674,8.439,4,0,151539809.0
startup,5192093,14.419,4,0,151598237.0
startup,5208768,16.675,4,0,151621925.0
startup,5225440,16.672,3,0,152024058.0
startup,5242082,16.642,0,0,152433274.0
startup,5259320,17.238,4,0,152561082.0
startup,5275419,16.099,5,0,152563110.0
startup,5292104,16.685,5,0,152564790.0
startup,5308751,16.647,5,0,152566470.0
startup,5325413,16.662,4,0,153092350.0
startup,5342080,16.667,3,0,153498814.0
startup,5358742,16.662,0,0,154092072.0
startup,5375403,16.661,1,0,154196426.0
startup,5392079,16.676,5,0,154201858.0
startup,5408740,16.661,3,0,154562162.0
startup,5425411,16.671,3,0,156819192.0
startup,5442070,16.659,0,0,156417948.0
startup,5460901,18.831,2,0,156952466.0
startup,5475403,14.502,0,0,157498106.0
startup,5493449,18.046,4,0,158069710.0
startup,5508737,15.288,2,0,158589564.0
startup,5525667,16.93,3,0,158913790.0
streaming_baseline,5543309,17.642,4,0,159045912.0
streaming_baseline,5558926,15.617,5,0,159421244.0
streaming_baseline,5575540,16.614,3,0,159685280.0
streaming_baseline,5592239,16.699,2,0,159953912.0
streaming_baseline,5608889,16.65,0,0,160213636.0
streaming_baseline,5627002,18.113,0,0,160333480.0
streaming_baseline,5642573,15.571,0,0,160401078.0
streaming_baseline,5658957,16.384,0,0,160466062.0
streaming_baseline,5676149,17.192,3,0,160977794.0
streaming_baseline,5692264,16.115,4,0,160987070.0
streaming_baseline,5708916,16.652,4,0,160987070.0
streaming_baseline,5725553,16.637,4,0,160987070.0
streaming_baseline,5742243,16.69,4,0,160987210.0
streaming_baseline,5758908,16.665,4,0,160987214.0
streaming_baseline,5775598,16.69,3,0,161844550.0
streaming_baseline,5792263,16.665,0,0,162335602.0
streaming_baseline,5809399,17.136,0,0,162510862.0
streaming_baseline,5825625,16.226,0,0,162558348.0
streaming_baseline,5842246,16.621,0,0,162589260.0
streaming_baseline,5858923,16.677,0,0,162658826.0
streaming_baseline,5875569,16.646,0,0,162720166.0
streaming_baseline,5892935,17.366,4,0,162774310.0
streaming_baseline,5908853,15.918,4,0,163171094.0
streaming_baseline,5925512,16.659,3,0,163521186.0
streaming_baseline,5942186,16.674,3,0,163527626.0
streaming_baseline,5958899,16.713,3,0,163527626.0
streaming_baseline,5975558,16.659,3,0,163527626.0
streaming_baseline,5992223,16.665,0,0,164212874.0
streaming_baseline,6011021,18.798,3,0,164959268.0
streaming_baseline,6025565,14.544,4,0,164967424.0
streaming_baseline,6042258,16.693,4,0,164967424.0
streaming_baseline,6058885,16.627,2,0,165590888.0
streaming_baseline,6075582,16.697,0,0,165847992.0
streaming_baseline,6092213,16.631,0,0,165880154.0
streaming_baseline,6108914,16.701,0,0,165937382.0
streaming_baseline,6126033,17.119,4,0,165985366.0
streaming_baseline,6142196,16.163,5,0,165988154.0
streaming_baseline,6158862,16.666,4,0,166344914.0
streaming_baseline,6175499,16.637,3,0,166738114.0
streaming_baseline,6192176,16.677,0,0,167184874.0
streaming_baseline,6209266,17.09,0,0,167311142.0
streaming_baseline,6227049,17.783,4,0,167348382.0
streaming_baseline,6242173,15.124,5,0,167351170.0
streaming_baseline,6258865,16.692,5,0,167887282.0
streaming_baseline,6275578,16.713,3,0,168587662.0
streaming_baseline,6292243,16.665,3,0,168600766.0
streaming_baseline,6308832,16.589,3,0,168600766.0
streaming_baseline,6325563,16.731,0,0,169237642.0
streaming_baseline,6345226,19.663,0,0,172394396.0
streaming_baseline,6365458,20.232,0,0,172703776.0
streaming_baseline,6375322,9.864,0,0,172707940.0
streaming_baseline,6392199,16.877,0,0,172707944.0
streaming_baseline,6408839,16.64,0,0,172707940.0
streaming_baseline,6425561,16.722,0,0,172707944.0
streaming_baseline,6442166,16.605,3,0,172710940.0
streaming_baseline,6458832,16.666,3,0,172710940.0
streaming_baseline,6475544,16.712,3,0,172713460.0
streaming_baseline,6492186,16.642,3,0,173320704.0
streaming_baseline,6508864,16.678,2,0,173207616.0
streaming_baseline,6525534,16.67,2,0,173214052.0
streaming_baseline,6542194,16.66,1,0,173579416.0
streaming_baseline,6558896,16.702,4,0,173588884.0
streaming_baseline,6575579,16.683,4,0,173589628.0
streaming_baseline,6592256,16.677,4,0,174197252.0
streaming_baseline,6608888,16.632,2,0,175537888.0
streaming_baseline,6625604,16.716,2,0,175550884.0
streaming_baseline,6642220,16.616,2,0,175550884.0
streaming_baseline,6658876,16.656,1,0,175922168.0
streaming_baseline,6675548,16.672,4,0,175931584.0
streaming_baseline,6692229,16.681,4,0,175931584.0
streaming_baseline,6708890,16.661,3,0,176323092.0
streaming_baseline,6725601,16.711,3,0,176329568.0
streaming_baseline,6742214,16.613,3,0,176329568.0
streaming_baseline,6758859,16.645,3,0,176329568.0
streaming_baseline,6775590,16.731,2,0,176789540.0
streaming_baseline,6792199,16.609,4,0,176797940.0
streaming_baseline,6808832,16.633,4,0,176798012.0
streaming_baseline,6825536,16.704,0,0,179218724.0
streaming_baseline,6842245,16.709,0,0,179312944.0
streaming_baseline,6858892,16.647,0,0,179317528.0
streaming_baseline,6875566,16.674,0,0,179317528.0
streaming_baseline,6892247,16.681,0,0,179317528.0
streaming_baseline,6908865,16.618,0,0,182404600.0
streaming_baseline,6925536,16.671,0,0,182419424.0
streaming_baseline,6942195,16.659,0,0,182430600.0
streaming_baseline,6958866,16.671,0,0,182430600.0
streaming_baseline,6975524,16.658,0,0,182430600.0
streaming_baseline,6992198,16.674,0,0,182430600.0
streaming_baseline,7008860,16.662,0,0,182430600.0
streaming_baseline,7025590,16.73,3,0,182434496.0
streaming_baseline,7042196,16.606,3,0,182434500.0
streaming_baseline,7058803,16.607,2,0,182812792.0
streaming_baseline,7075521,16.718,2,0,182819268.0
streaming_baseline,7092237,16.716,2,0,182820396.0
streaming_baseline,7108854,16.617,1,0,183195892.0
streaming_baseline,7125561,16.707,0,0,184382144.0
streaming_baseline,7142184,16.623,3,0,184402412.0
streaming_baseline,7158864,16.68,3,0,184402408.0
streaming_baseline,7175578,16.714,3,0,184402412.0
streaming_baseline,7192210,16.632,2,0,184815472.0
streaming_baseline,7208859,16.649,2,0,184821948.0
streaming_baseline,7225530,16.671,2,0,184821948.0
streaming_baseline,7242196,16.666,0,0,185768196.0
streaming_baseline,7258874,16.678,3,0,185801748.0
streaming_baseline,7275517,16.643,3,0,185801748.0
streaming_baseline,7292186,16.669,3,0,185801748.0
streaming_baseline,7308875,16.689,0,0,189634444.0
streaming_baseline,7325559,16.684,0,0,189655824.0
streaming_baseline,7342192,16.633,0,0,189660408.0
streaming_baseline,7358847,16.655,0,0,189660408.0
streaming_baseline,7375584,16.737,2,0,191011124.0
streaming_baseline,7392189,16.605,2,0,191017564.0
streaming_baseline,7408864,16.675,2,0,191017564.0
streaming_baseline,7425496,16.632,2,0,191017564.0
streaming_baseline,7442179,16.683,1,0,191496832.0
streaming_baseline,7458903,16.724,1,0,191503272.0
streaming_baseline,7475567,16.664,1,0,191865928.0
streaming_baseline,7492178,16.611,3,0,191875032.0
streaming_baseline,7508829,16.651,3,0,191881508.0
streaming_baseline,7525449,16.62,2,0,192256756.0
streaming_baseline,7542122,16.673,2,0,192259908.0
streaming_baseline,7558887,16.765,2,0,192259908.0
streaming_baseline,7575512,16.625,2,0,192259908.0
streaming_baseline,7592145,16.633,1,0,192694792.0
streaming_baseline,7608833,16.688,4,0,192704208.0
streaming_baseline,7625498,16.665,4,0,192704208.0
streaming_baseline,7642152,16.654,2,0,193262516.0
streaming_baseline,7658840,16.688,2,0,193275512.0
streaming_baseline,7675496,16.656,2,0,193275512.0
streaming_baseline,7692218,16.722,1,0,193656428.0
streaming_baseline,7708853,16.635,1,0,193662904.0
streaming_baseline,7725540,16.687,4,0,193672660.0
streaming_baseline,7742163,16.623,4,0,193672660.0
streaming_baseline,7758814,16.651,3,0,194136248.0
streaming_baseline,7775473,16.659,3,0,194142688.0
streaming_baseline,7792149,16.676,3,0,194142688.0
streaming_baseline,7808819,16.67,1,0,195769600.0
streaming_baseline,7825489,16.67,1,0,195782632.0
streaming_baseline,7842157,16.668,4,0,195799104.0
streaming_baseline,7858811,16.654,4,0,195799104.0
streaming_baseline,7875526,16.715,2,0,202389672.0
streaming_baseline,7892183,16.657,0,0,199403864.0
streaming_baseline,7908815,16.632,0,0,199412168.0
streaming_baseline,7925495,16.68,0,0,199423388.0
streaming_baseline,7942196,16.701,0,0,199423392.0
streaming_baseline,7958824,16.628,0,0,201754872.0
streaming_baseline,7975520,16.696,0,0,201769732.0
streaming_baseline,7992172,16.652,0,0,201780872.0
streaming_baseline,8008894,16.722,0,0,201780872.0
streaming_baseline,8025489,16.595,0,0,201780872.0
streaming_baseline,8042171,16.682,0,0,201780872.0
streaming_baseline,8058796,16.625,0,0,201780872.0
streaming_baseline,8075513,16.717,0,0,204038024.0
streaming_baseline,8092154,16.641,0,0,204065816.0
streaming_baseline,8108827,16.673,0,0,204064032.0
streaming_baseline,8125524,16.697,0,0,204064032.0
streaming_baseline,8142149,16.625,0,0,204064032.0
streaming_baseline,8158825,16.676,0,0,204064032.0
streaming_baseline,8175482,16.657,0,0,204064032.0
streaming_baseline,8192259,16.777,0,0,206961488.0
streaming_baseline,8208830,16.571,0,0,206982904.0
streaming_baseline,8225497,16.667,0,0,206987524.0
streaming_baseline,8242180,16.683,0,0,206987524.0
streaming_baseline,8258812,16.632,0,0,206987524.0
streaming_baseline,8275481,16.669,0,0,206987524.0
streaming_baseline,8292135,16.654,0,0,206987524.0
streaming_baseline,8308821,16.686,0,0,212272228.0
streaming_baseline,8325523,16.702,0,0,211758620.0
streaming_baseline,8342142,16.619,0,0,211771512.0
streaming_baseline,8358814,16.672,0,0,211769728.0
streaming_baseline,8375494,16.68,0,0,211769724.0
streaming_baseline,8392142,16.648,0,0,211769728.0
streaming_baseline,8408807,16.665,0,0,211769728.0
streaming_baseline,8425520,16.713,0,0,217749552.0
streaming_baseline,8442178,16.658,0,0,216200352.0
streaming_baseline,8458820,16.642,0,0,216211460.0
streaming_baseline,8475491,16.671,0,0,216211460.0
streaming_baseline,8492139,16.648,0,0,216211460.0
streaming_baseline,8508831,16.692,0,0,216211460.0
streaming_baseline,8525472,16.641,0,0,216211460.0
streaming_baseline,8542138,16.666,0,0,220262758.0
streaming_baseline,8558830,16.692,0,0,221875676.0
streaming_baseline,8575480,16.65,0,0,221897816.0
streaming_baseline,8592159,16.679,0,0,221896036.0
streaming_baseline,8608814,16.655,0,0,221896036.0
streaming_baseline,8625472,16.658,0,0,221896036.0
streaming_baseline,8642140,16.668,0,0,221896036.0
streaming_baseline,8658802,16.662,0,0,228726328.0
streaming_baseline,8675510,16.708,0,0,227141188.0
streaming_baseline,8692157,16.647,0,0,227147628.0
streaming_baseline,8708837,16.68,0,0,227154960.0
streaming_baseline,8725462,16.625,0,0,227154964.0
streaming_baseline,8742125,16.663,0,0,227154964.0
streaming_baseline,8758816,16.691,0,0,227154964.0
streaming_baseline,8775468,16.652,0,0,227257294.0
streaming_baseline,8792136,16.668,0,0,227257294.0
streaming_baseline,8808843,16.707,0,0,227257294.0
streaming_baseline,8825478,16.635,0,0,227257294.0
streaming_baseline,8842133,16.655,0,0,227257294.0
streaming_baseline,8858869,16.736,0,0,227257294.0
streaming_baseline,8875513,16.644,0,0,227257294.0
streaming_baseline,8892367,16.854,0,0,227257294.0
streaming_baseline,8908811,16.444,0,0,227257294.0
streaming_baseline,8925485,16.674,0,0,227257294.0
streaming_baseline,8942167,16.682,0,0,227257294.0
streaming_baseline,8958940,16.773,0,0,227257294.0
streaming_baseline,8975447,16.507,0,0,227257294.0
streaming_baseline,9008030,32.583,0,0,227257294.0
streaming_baseline,9024964,16.934,0,0,227257294.0
streaming_baseline,9041216,16.252,0,0,227257294.0
streaming_baseline,9075175,33.959,0,0,227259814.0
streaming_baseline,9091045,15.87,0,0,227259810.0
streaming_baseline,9107402,16.357,0,0,227259814.0
streaming_baseline,9141615,34.213,0,0,227259814.0
streaming_baseline,9158280,16.665,0,0,227259814.0
streaming_baseline,9174566,16.286,0,0,227259814.0
streaming_baseline,9191655,17.089,0,0,227259814.0
streaming_baseline,9207386,15.731,0,0,227259814.0
streaming_baseline,9224918,17.532,0,0,227259814.0
streaming_baseline,9240974,16.056,0,0,227259814.0
streaming_baseline,9258024,17.05,0,0,227259810.0
streaming_baseline,9274188,16.164,0,0,227259814.0
streaming_baseline,9290905,16.717,0,0,227259814.0
streaming_baseline,9307879,16.974,0,0,227259814.0
streaming_baseline,9325103,17.224,0,0,227259814.0
streaming_baseline,9341517,16.414,0,0,227259814.0
streaming_baseline,9357738,16.221,0,0,227259814.0
streaming_baseline,9374387,16.649,0,0,227259814.0
streaming_baseline,9391072,16.685,0,0,227259814.0
streaming_baseline,9407727,16.655,0,0,227259814.0
streaming_baseline,9424835,17.108,0,0,227259814.0
streaming_baseline,9440977,16.142,0,0,227259814.0
streaming_baseline,9457883,16.906,0,0,227259814.0
streaming_baseline,9474434,16.551,0,0,227259814.0
streaming_baseline,9490973,16.539,0,0,227259814.0
streaming_baseline,9507602,16.629,0,0,227259814.0
streaming_baseline,9524433,16.831,0,0,227259814.0
streaming_baseline,9541030,16.597,0,0,227259814.0
streaming_baseline,9558031,17.001,0,0,227259814.0
streaming_baseline,9574326,16.295,0,0,227259814.0
streaming_baseline,9591278,16.952,0,0,227259814.0
streaming_baseline,9607513,16.235,0,0,227259814.0
streaming_baseline,9624758,17.245,0,0,227259814.0
streaming_baseline,9640906,16.148,0,0,227259814.0
streaming_baseline,9657886,16.98,0,0,227259810.0
streaming_baseline,9674654,16.768,0,0,227259814.0
streaming_baseline,9691027,16.373,0,0,227259814.0
streaming_baseline,9707322,16.295,0,0,227259814.0
streaming_baseline,9724396,17.074,0,0,227259814.0
streaming_baseline,9740473,16.077,0,0,227259814.0
streaming_baseline,9758085,17.612,0,0,227259814.0
streaming_baseline,9774349,16.264,0,0,227259814.0
streaming_baseline,9790590,16.241,0,0,227259814.0
streaming_baseline,9807807,17.217,0,0,227259814.0
streaming_baseline,9824353,16.546,0,0,227259814.0
streaming_baseline,9841310,16.957,0,0,227259814.0
streaming_baseline,9857823,16.513,0,0,227259814.0
streaming_baseline,9874306,16.483,0,0,227259814.0
streaming_baseline,9890919,16.613,0,0,227259814.0
streaming_baseline,9907604,16.685,0,0,227259814.0
streaming_baseline,9924686,17.082,0,0,227259814.0
streaming_baseline,9940978,16.292,0,0,227259814.0
streaming_baseline,9957978,17.0,0,0,227259806.0
streaming_baseline,9974150,16.172,0,0,227259814.0
streaming_baseline,9991169,17.019,0,0,227259814.0
streaming_baseline,10007425,16.256,0,0,227259818.0
streaming_baseline,10024499,17.074,0,0,227259818.0
streaming_baseline,10040630,16.131,0,0,227259818.0
streaming_baseline,10057643,17.013,0,0,227259818.0
streaming_baseline,10073963,16.32,0,0,227259814.0
streaming_baseline,10091331,17.368,0,0,227259818.0
streaming_baseline,10107400,16.069,0,0,227259818.0
streaming_baseline,10124182,16.782,0,0,227259818.0
streaming_baseline,10140716,16.534,0,0,227259818.0
streaming_baseline,10157444,16.728,0,0,227259818.0
streaming_baseline,10174226,16.782,0,0,227259818.0
streaming_baseline,10190664,16.438,0,0,227259818.0
streaming_baseline,10207417,16.753,0,0,227259818.0
streaming_baseline,10224448,17.031,0,0,227259818.0
streaming_baseline,10241069,16.621,0,0,227259818.0
streaming_baseline,10257847,16.778,0,0,227259818.0
streaming_baseline,10274270,16.423,0,0,227259818.0
streaming_baseline,10291021,16.751,0,0,227259818.0
streaming_baseline,10307693,16.672,0,0,227259818.0
streaming_baseline,10324186,16.493,0,0,227259818.0
streaming_baseline,10340658,16.472,0,0,227259818.0
streaming_baseline,10357957,17.299,0,0,227259818.0
streaming_baseline,10373935,15.978,0,0,227259818.0
streaming_baseline,10390700,16.765,0,0,227259818.0
streaming_baseline,10407375,16.675,0,0,227259818.0
streaming_baseline,10424205,16.83,0,0,227259814.0
streaming_baseline,10440554,16.349,0,0,227259818.0
streaming_baseline,10457174,16.62,0,0,227259814.0
streaming_baseline,10474224,17.05,0,0,227259814.0
streaming_baseline,10491157,16.933,0,0,227259818.0
streaming_baseline,10507368,16.211,0,0,227259818.0
streaming_baseline,10524451,17.083,0,0,227259818.0
streaming_baseline,10540659,16.208,0,0,227259818.0
compact_history_control,10557607,16.948,0,0,227256726.0
compact_history_control,10573823,16.216,0,0,227258234.0
compact_history_control,10590876,17.053,0,0,199481682.0
compact_history_control,10607272,16.396,0,8,199915486.0
compact_history_control,10624061,16.789,2,8,200257734.0
compact_history_control,10640851,16.79,0,8,201370506.0
compact_history_control,10657377,16.526,0,8,201736114.0
compact_history_control,10673995,16.618,0,8,201500634.0
compact_history_control,10690944,16.949,0,8,201852322.0
compact_history_control,10707162,16.218,2,8,202288906.0
compact_history_control,10724511,17.349,0,8,203405366.0
compact_history_control,10741079,16.568,0,8,203763146.0
compact_history_control,10757511,16.432,0,8,203544226.0
compact_history_control,10774260,16.749,0,8,203810214.0
compact_history_control,10790673,16.413,2,8,204249158.0
compact_history_control,10807169,16.496,0,8,205307030.0
compact_history_control,10824569,17.4,0,8,205648674.0
compact_history_control,10840637,16.068,0,8,205465154.0
compact_history_control,10857987,17.35,0,8,205768646.0
compact_history_control,10873884,15.897,2,8,206223762.0
compact_history_control,10890570,16.686,0,8,207279206.0
compact_history_control,10907344,16.774,0,8,207642818.0
compact_history_control,10923987,16.643,0,8,207465610.0
compact_history_control,10940736,16.749,0,8,207799502.0
compact_history_control,10957396,16.66,0,8,207425474.0
compact_history_control,10973887,16.491,0,8,207712122.0
compact_history_control,10990953,17.066,0,8,208029510.0
compact_history_control,11006904,15.951,0,8,208298786.0
compact_history_control,11024103,17.199,0,8,208575142.0
compact_history_control,11040497,16.394,0,8,208119518.0
compact_history_control,11057556,17.059,0,8,208114650.0
compact_history_control,11073646,16.09,0,8,208114834.0
compact_history_control,11090681,17.035,0,8,208323522.0
compact_history_control,11107421,16.74,0,8,208607602.0
compact_history_control,11124415,16.994,0,8,208111654.0
compact_history_control,11140693,16.278,0,8,208106786.0
compact_history_control,11157561,16.868,0,8,208106974.0
compact_history_control,11173564,16.003,0,8,208325210.0
compact_history_control,11190909,17.345,0,8,208613862.0
compact_history_control,11207488,16.579,0,8,208125966.0
compact_history_control,11224218,16.73,0,8,208121094.0
compact_history_control,11240330,16.112,0,8,208121790.0
compact_history_control,11257356,17.026,0,8,208330474.0
compact_history_control,11273775,16.419,0,8,208614558.0
compact_history_control,11290743,16.968,0,8,208118702.0
compact_history_control,11307220,16.477,0,8,208113834.0
compact_history_control,11324010,16.79,0,8,208114018.0
compact_history_control,11339913,15.903,0,8,208332258.0
compact_history_control,11356833,16.92,0,8,208608610.0
compact_history_control,11373578,16.745,0,8,208133014.0
compact_history_control,11390352,16.774,0,8,208128146.0
compact_history_control,11407071,16.719,0,8,208128334.0
compact_history_control,11423668,16.597,0,8,208337018.0
compact_history_control,11439909,16.241,0,8,208608910.0
compact_history_control,11457345,17.436,0,8,208125150.0
compact_history_control,11473294,15.949,0,8,208120282.0
compact_history_control,11490486,17.192,0,8,208120470.0
compact_history_control,11506698,16.212,0,8,208338706.0
compact_history_control,11523811,17.113,0,8,208615062.0
compact_history_control,11540332,16.521,0,8,208139462.0
compact_history_control,11557410,17.078,0,8,208134594.0
compact_history_control,11573417,16.007,0,8,208134782.0
compact_history_control,11590231,16.814,0,8,208344210.0
compact_history_control,11606622,16.391,0,8,208628294.0
compact_history_control,11623901,17.279,0,8,208132486.0
compact_history_control,11639864,15.963,0,8,208127618.0
compact_history_control,11657038,17.174,0,8,208127806.0
compact_history_control,11673307,16.269,0,8,208346042.0
compact_history_control,11690514,17.207,0,8,208634694.0
compact_history_control,11706849,16.335,0,8,208146798.0
compact_history_control,11723097,16.248,0,8,208141930.0
compact_history_control,11739510,16.413,0,8,208142118.0
compact_history_control,11756447,16.937,0,8,208350802.0
compact_history_control,11773314,16.867,0,8,208634886.0
compact_history_control,11790488,17.174,0,8,208138934.0
compact_history_control,11806782,16.294,0,8,208134066.0
compact_history_control,11823505,16.723,0,8,208134254.0
compact_history_control,11839879,16.374,0,8,208352490.0
compact_history_control,11856978,17.099,0,8,208641142.0
compact_history_control,11873866,16.888,0,8,208153246.0
compact_history_control,11890549,16.683,0,8,208148378.0
compact_history_control,11907043,16.494,0,8,208148566.0
compact_history_control,11923269,16.226,0,8,208357250.0
compact_history_control,11939797,16.528,0,8,208629142.0
compact_history_control,11957301,17.504,0,8,208145382.0
compact_history_control,11973774,16.473,0,8,208140514.0
compact_history_control,11990033,16.259,0,8,208140702.0
compact_history_control,12006508,16.475,0,8,208358938.0
compact_history_control,12023565,17.057,0,8,208647590.0
compact_history_control,12040224,16.659,0,8,208159694.0
compact_history_control,12057079,16.855,0,8,208154826.0
compact_history_control,12073513,16.434,0,8,208155014.0
compact_history_control,12090014,16.501,0,8,208363698.0
compact_history_control,12106302,16.288,0,8,208153174.0
compact_history_control,12123556,17.254,0,8,208148306.0
compact_history_control,12140303,16.747,0,8,208148494.0
compact_history_control,12156479,16.176,0,8,208366730.0
compact_history_control,12173596,17.117,0,8,208643086.0
compact_history_control,12190190,16.594,0,8,208167486.0
compact_history_control,12206840,16.65,0,8,208162614.0
compact_history_control,12223247,16.407,0,8,208162806.0
compact_history_control,12239783,16.536,0,8,208371490.0
compact_history_control,12256994,17.211,0,8,208655574.0
compact_history_control,12273189,16.195,0,8,208159622.0
compact_history_control,12289983,16.794,0,8,208154754.0
compact_history_control,12306732,16.749,0,8,208154942.0
compact_history_control,12323066,16.334,0,8,208373178.0
compact_history_control,12339897,16.831,0,8,208649534.0
compact_history_control,12356877,16.98,0,8,208173930.0
compact_history_control,12373821,16.944,0,8,208169066.0
compact_history_control,12390087,16.266,0,8,208169254.0
compact_history_control,12406402,16.315,0,8,208377938.0
compact_history_control,12423044,16.642,0,8,208662022.0
compact_history_control,12439685,16.641,0,8,208166070.0
compact_history_control,12456979,17.294,0,8,208161202.0
compact_history_control,12473666,16.687,0,8,208161390.0
compact_history_control,12490004,16.338,0,8,208379626.0
compact_history_control,12507221,17.217,0,8,208669230.0
compact_history_control,12523873,16.652,0,8,208181334.0
expanding_excavation,12540184,16.311,0,8,208179386.0
expanding_excavation,12556862,16.678,0,8,208179574.0
expanding_excavation,12572879,16.017,0,8,208388282.0
expanding_excavation,12589943,17.064,0,8,208183142.0
expanding_excavation,12606342,16.399,0,8,208178274.0
expanding_excavation,12623465,17.123,0,8,208178534.0
expanding_excavation,12639719,16.254,0,8,208397490.0
expanding_excavation,12656407,16.688,0,8,208686670.0
expanding_excavation,12673253,16.846,0,8,208198870.0
expanding_excavation,12690140,16.887,0,8,208194002.0
expanding_excavation,12706002,15.862,0,8,208194190.0
expanding_excavation,12723231,17.229,0,8,208409266.0
expanding_excavation,12739623,16.392,0,8,208686054.0
expanding_excavation,12757009,17.386,0,8,208201958.0
expanding_excavation,12772978,15.969,0,8,208197090.0
expanding_excavation,12790114,17.136,0,8,208197278.0
expanding_excavation,12806220,16.106,0,8,208419610.0
expanding_excavation,12823632,17.412,0,8,208701246.0
expanding_excavation,12839964,16.332,0,8,208217782.0
expanding_excavation,12856183,16.219,0,8,208212914.0
expanding_excavation,12872814,16.631,0,8,208213102.0
expanding_excavation,12890049,17.235,0,8,208431546.0
expanding_excavation,12906539,16.49,0,8,208712938.0
expanding_excavation,12923410,16.871,0,8,208220694.0
expanding_excavation,12939874,16.464,0,8,208215826.0
expanding_excavation,12956697,16.823,0,8,208216014.0
expanding_excavation,12972595,15.898,0,8,208441722.0
expanding_excavation,12989776,17.181,0,8,208728446.0
expanding_excavation,13006531,16.755,0,8,208236670.0
expanding_excavation,13023419,16.888,0,8,208233050.0
expanding_excavation,13039250,15.831,0,8,208233238.0
expanding_excavation,13056151,16.901,0,8,208455066.0
expanding_excavation,13072887,16.736,0,8,208741214.0
expanding_excavation,13089811,16.924,0,8,208240838.0
expanding_excavation,13106453,16.642,0,8,208235970.0
expanding_excavation,13123536,17.083,0,8,208236158.0
expanding_excavation,13139353,15.817,0,8,208465238.0
expanding_excavation,13156613,17.26,0,8,208756374.0
expanding_excavation,13173353,16.74,0,8,208256390.0
expanding_excavation,13189839,16.486,0,8,208251526.0
expanding_excavation,13206664,16.825,0,8,208251714.0
expanding_excavation,13222803,16.139,0,8,208477422.0
expanding_excavation,13239785,16.982,0,8,208768322.0
expanding_excavation,13256502,16.717,0,8,208259918.0
expanding_excavation,13272845,16.343,0,8,208255050.0
expanding_excavation,13290042,17.197,0,8,208255238.0
expanding_excavation,13305977,15.935,0,8,208487694.0
expanding_excavation,13322942,16.965,0,8,208783586.0
expanding_excavation,13339270,16.328,0,8,208275474.0
expanding_excavation,13356227,16.957,0,8,208270606.0
expanding_excavation,13372886,16.659,0,8,208270794.0
expanding_excavation,13389230,16.344,0,8,208499374.0
expanding_excavation,13406456,17.226,0,8,208795026.0
expanding_excavation,13422914,16.458,0,8,208278398.0
expanding_excavation,13439796,16.882,0,8,208273530.0
expanding_excavation,13456639,16.843,0,8,208273718.0
expanding_excavation,13472627,15.988,0,8,208509554.0
expanding_excavation,13489841,17.214,0,8,208810198.0
expanding_excavation,13506413,16.572,0,8,208293958.0
expanding_excavation,13523311,16.898,0,8,208289090.0
expanding_excavation,13539232,15.921,0,8,208289278.0
expanding_excavation,13555980,16.748,0,8,208521226.0
expanding_excavation,13573585,17.605,0,8,208822374.0
expanding_excavation,13589982,16.397,0,8,208297758.0
expanding_excavation,13606354,16.372,0,8,208292890.0
expanding_excavation,13622708,16.354,0,8,208293078.0
expanding_excavation,13639080,16.372,0,8,208532290.0
expanding_excavation,13656573,17.493,0,8,208837686.0
expanding_excavation,13672696,16.123,0,8,208313326.0
expanding_excavation,13689683,16.987,0,8,208308458.0
expanding_excavation,13706223,16.54,0,8,208308642.0
expanding_excavation,13722823,16.6,0,8,208543970.0
expanding_excavation,13739011,16.188,0,8,208849134.0
expanding_excavation,13756126,17.115,0,8,208316246.0
expanding_excavation,13772572,16.446,0,8,208311378.0
expanding_excavation,13789244,16.672,0,8,208311566.0
expanding_excavation,13805792,16.548,0,8,208554154.0
expanding_excavation,13822850,17.058,0,8,208864302.0
expanding_excavation,13839530,16.68,0,8,208331802.0
expanding_excavation,13856372,16.842,0,8,208326938.0
expanding_excavation,13872746,16.374,0,8,208327126.0
expanding_excavation,13889527,16.781,0,8,208565834.0
expanding_excavation,13906371,16.844,0,8,208875742.0
expanding_excavation,13922617,16.246,0,8,208334726.0
expanding_excavation,13939325,16.708,0,8,208329858.0
expanding_excavation,13956077,16.752,0,8,208330046.0
expanding_excavation,13972170,16.093,0,8,208576010.0
expanding_excavation,13989460,17.29,0,8,208890906.0
expanding_excavation,14005844,16.384,0,8,208350286.0
expanding_excavation,14023124,17.28,0,8,208345414.0
expanding_excavation,14038941,15.817,0,8,208345606.0
expanding_excavation,14056141,17.2,0,8,208586430.0
expanding_excavation,14072403,16.262,0,8,208901098.0
expanding_excavation,14089531,17.128,0,8,208353298.0
expanding_excavation,14105981,16.45,0,8,208348426.0
expanding_excavation,14122680,16.699,0,8,208348618.0
expanding_excavation,14139245,16.565,0,8,208597950.0
expanding_excavation,14156337,17.092,0,8,208917602.0
expanding_excavation,14172929,16.592,0,8,208368854.0
expanding_excavation,14189534,16.605,0,8,208363986.0
expanding_excavation,14206109,16.575,0,8,208364174.0
expanding_excavation,14222769,16.66,0,8,208609626.0
expanding_excavation,14239315,16.546,0,8,208929042.0
expanding_excavation,14256188,16.873,0,8,208371778.0
expanding_excavation,14272697,16.509,0,8,208366910.0
expanding_excavation,14289459,16.762,0,8,208367098.0
expanding_excavation,14305735,16.276,0,8,208619814.0
expanding_excavation,14322741,17.006,0,8,208944218.0
expanding_excavation,14338847,16.106,0,8,208387342.0
expanding_excavation,14356293,17.446,0,8,208382474.0
expanding_excavation,14372363,16.07,0,8,208382658.0
expanding_excavation,14389230,16.867,0,8,208631498.0
expanding_excavation,14406095,16.865,0,8,208955662.0
expanding_excavation,14423031,16.936,0,8,208390262.0
expanding_excavation,14438979,15.948,0,8,208385394.0
expanding_excavation,14456249,17.27,0,8,208385578.0
expanding_excavation,14472050,15.801,0,8,208641674.0
expanding_excavation,14489342,17.292,0,8,208970830.0
expanding_excavation,14506079,16.737,0,8,208405822.0
travel_new_regions,14523060,16.981,0,8,208403898.0
travel_new_regions,14539174,16.114,0,8,208404086.0
travel_new_regions,14556164,16.99,0,8,208411502.0
travel_new_regions,14572489,16.325,0,8,208411482.0
travel_new_regions,14589150,16.661,0,8,208407150.0
travel_new_regions,14605607,16.457,0,8,208407410.0
travel_new_regions,14622729,17.122,0,8,208635850.0
travel_new_regions,14639033,16.304,2,8,209881626.0
travel_new_regions,14656199,17.166,0,8,210693830.0
travel_new_regions,14672749,16.55,0,8,210972146.0
travel_new_regions,14689288,16.539,0,8,210533794.0
travel_new_regions,14705370,16.082,0,12,210885854.0
travel_new_regions,14722187,16.817,0,12,210513038.0
travel_new_regions,14738844,16.657,0,12,210784486.0
travel_new_regions,14755680,16.836,0,12,211203222.0
travel_new_regions,14772148,16.468,0,12,211440826.0
travel_new_regions,14788639,16.491,0,12,211655118.0
travel_new_regions,14805676,17.037,0,12,211929462.0
travel_new_regions,14822118,16.442,0,12,212022222.0
travel_new_regions,14838662,16.544,0,12,212006726.0
travel_new_regions,14859380,20.718,0,14,211810582.0
travel_new_regions,14872149,12.769,0,14,211725778.0
travel_new_regions,14889560,17.411,0,14,212011234.0
travel_new_regions,14905636,16.076,0,14,212106426.0
travel_new_regions,14922817,17.181,0,14,212137738.0
travel_new_regions,14938868,16.051,0,14,212376058.0
travel_new_regions,14956293,17.425,0,14,212665822.0
travel_new_regions,14972346,16.053,0,14,212765830.0
travel_new_regions,14988882,16.536,0,14,212814924.0
travel_new_regions,15006452,17.57,0,16,213113316.0
travel_new_regions,15022805,16.353,0,16,213117804.0
travel_new_regions,15039429,16.624,0,16,213433512.0
travel_new_regions,15056694,17.265,0,16,213551136.0
travel_new_regions,15072323,15.629,0,16,213547836.0
travel_new_regions,15088821,16.498,0,16,213836788.0
travel_new_regions,15105628,16.807,0,16,214109888.0
travel_new_regions,15122119,16.491,0,16,214211672.0
travel_new_regions,15138634,16.515,0,16,214258000.0
travel_new_regions,15156129,17.495,0,18,214554020.0
travel_new_regions,15172197,16.068,0,18,214474040.0
travel_new_regions,15189029,16.832,0,18,214762412.0
travel_new_regions,15205511,16.482,0,18,214852268.0
travel_new_regions,15221876,16.365,0,18,214808256.0
travel_new_regions,15238639,16.763,0,18,215050792.0
travel_new_regions,15255858,17.219,0,18,215351044.0
travel_new_regions,15271765,15.907,0,18,215444620.0
travel_new_regions,15288534,16.769,0,18,215506738.0
travel_new_regions,15304608,16.074,0,20,215806718.0
travel_new_regions,15321298,16.69,0,20,215815102.0
travel_new_regions,15337650,16.352,0,20,216147302.0
travel_new_regions,15354770,17.12,0,20,216259098.0
travel_new_regions,15370762,15.992,0,20,216249234.0
travel_new_regions,15388045,17.283,0,20,216490530.0
travel_new_regions,15405002,16.957,0,20,216788406.0
travel_new_regions,15421858,16.856,0,20,216887478.0
travel_new_regions,15437858,16.0,0,20,216877680.0
travel_new_regions,15454836,16.978,0,22,216431050.0
travel_new_regions,15471490,16.654,0,22,216340158.0
travel_new_regions,15488611,17.121,0,22,216635394.0
travel_new_regions,15504458,15.847,0,22,216730826.0
travel_new_regions,15521044,16.586,0,22,216753694.0
travel_new_regions,15537580,16.536,0,22,217065874.0
travel_new_regions,15554741,17.161,0,22,217366830.0
travel_new_regions,15571340,16.599,0,22,217456918.0
travel_new_regions,15587557,16.217,0,22,217495626.0
travel_new_regions,15604034,16.477,0,24,217809710.0
travel_new_regions,15620687,16.653,0,24,218360262.0
travel_new_regions,15636990,16.303,0,24,218749574.0
travel_new_regions,15654149,17.159,0,24,219074962.0
travel_new_regions,15670012,15.863,0,24,219009994.0
travel_new_regions,15687394,17.382,0,24,219512966.0
travel_new_regions,15704123,16.729,0,24,219799978.0
travel_new_regions,15720670,16.547,0,24,220085094.0
travel_new_regions,15737050,16.38,0,24,220050246.0
travel_new_regions,15754290,17.24,0,26,220367122.0
travel_new_regions,15770507,16.217,0,26,220262650.0
travel_new_regions,15787798,17.291,0,26,220553358.0
travel_new_regions,15804072,16.274,0,26,220646006.0
travel_new_regions,15820570,16.498,0,26,220673242.0
travel_new_regions,15837040,16.47,0,26,220904358.0
travel_new_regions,15853746,16.706,0,26,221195862.0
travel_new_regions,15871284,17.538,0,26,221301230.0
travel_new_regions,15887556,16.272,0,26,221340210.0
travel_new_regions,15903404,15.848,0,28,221659062.0
travel_new_regions,15919770,16.366,0,28,222608054.0
travel_new_regions,15936663,16.893,0,28,222894594.0
travel_new_regions,15953159,16.496,0,28,223161322.0
travel_new_regions,15969643,16.484,0,28,222743254.0
travel_new_regions,15985880,16.237,0,28,223371122.0
travel_new_regions,16002428,16.548,0,28,223395234.0
travel_new_regions,16019210,16.782,0,28,223674214.0
travel_new_regions,16035855,16.645,0,28,223876222.0
travel_new_regions,16052354,16.499,0,28,223395442.0
travel_new_regions,16074417,22.063,0,30,223708602.0
travel_new_regions,16085878,11.461,1,30,223604506.0
travel_new_regions,16101716,15.838,0,30,223985706.0
travel_new_regions,16118649,16.933,0,30,224273022.0
travel_new_regions,16135174,16.525,0,30,223585422.0
travel_new_regions,16152193,17.019,0,30,224179918.0
travel_new_regions,16168615,16.422,0,30,224298810.0
travel_new_regions,16185177,16.562,0,30,224293442.0
travel_new_regions,16201554,16.377,0,30,224093226.0
travel_new_regions,16218454,16.9,0,30,223606882.0
travel_new_regions,16234983,16.529,0,32,224355178.0
travel_new_regions,16251854,16.871,0,32,224483642.0
travel_new_regions,16268589,16.735,0,32,224325582.0
travel_new_regions,16284908,16.319,0,32,224273166.0
travel_new_regions,16301625,16.717,0,32,223705870.0
travel_new_regions,16318330,16.705,0,32,224462286.0
travel_new_regions,16334931,16.601,0,32,224506266.0
travel_new_regions,16351879,16.948,0,32,224298014.0
travel_new_regions,16368154,16.275,0,32,224297314.0
travel_new_regions,16384766,16.612,0,32,223726102.0
travel_new_regions,16401426,16.66,0,34,224622386.0
travel_new_regions,16418467,17.041,0,34,224676942.0
travel_new_regions,16434544,16.077,0,34,224513990.0
travel_new_regions,16451519,16.975,0,34,224460998.0
travel_new_regions,16467896,16.377,0,34,223741178.0
travel_new_regions,16484582,16.686,0,34,224645146.0
travel_new_regions,16501141,16.559,0,34,224626850.0
travel_new_regions,16518141,17.0,0,34,224614774.0
travel_new_regions,16534668,16.527,0,34,224714562.0
travel_new_regions,16551068,16.4,0,34,224069482.0
travel_new_regions,16567508,16.44,0,36,224977934.0
travel_new_regions,16584647,17.139,0,36,224979002.0
travel_new_regions,16601321,16.674,0,36,224807446.0
travel_new_regions,16618191,16.87,0,36,224920998.0
travel_new_regions,16634103,15.912,0,36,224262962.0
travel_new_regions,16650937,16.834,0,36,225176102.0
travel_new_regions,16667338,16.401,0,36,225178710.0
travel_new_regions,16684088,16.75,0,36,225178706.0
travel_new_regions,16700523,16.435,0,36,225178710.0
travel_new_regions,16717739,17.216,0,36,225797266.0
travel_new_regions,16734222,16.483,0,36,225868410.0
travel_new_regions,16751053,16.831,0,36,226096514.0
travel_new_regions,16767618,16.565,0,36,226210962.0
travel_new_regions,16784187,16.569,0,36,225025566.0
travel_new_regions,16800489,16.302,0,38,225202492.0
travel_new_regions,16817489,17.0,0,38,225208052.0
travel_new_regions,16833909,16.42,0,38,225202096.0
travel_new_regions,16850568,16.659,0,38,225203780.0
travel_new_regions,16866995,16.427,0,38,226039472.0
travel_new_regions,16884730,17.735,0,38,225712692.0
travel_new_regions,16901007,16.277,0,38,225702712.0
travel_new_regions,16917817,16.81,0,38,225632848.0
travel_new_regions,16933701,15.884,0,38,224548792.0
travel_new_regions,16950464,16.763,0,38,224552648.0
travel_new_regions,16966849,16.385,0,38,224552648.0
travel_new_regions,16983834,16.985,0,38,224971532.0
travel_new_regions,17000287,16.453,0,38,225393624.0
travel_new_regions,17017285,16.998,0,38,225831520.0
travel_new_regions,17033638,16.353,0,38,226028076.0
travel_new_regions,17050504,16.866,0,38,226306424.0
travel_new_regions,17066823,16.319,0,38,224708856.0
travel_new_regions,17083861,17.038,0,40,224711960.0
travel_new_regions,17100129,16.268,0,40,224711960.0
travel_new_regions,17117082,16.953,0,40,225767768.0
travel_new_regions,17133407,16.325,0,40,225769928.0
travel_new_regions,17150404,16.997,0,40,226187276.0
travel_new_regions,17166799,16.395,0,40,226177396.0
travel_new_regions,17183762,16.963,0,40,226468668.0
travel_new_regions,17200122,16.36,0,40,224990568.0
travel_new_regions,17217100,16.978,0,41,224991492.0
travel_new_regions,17233372,16.272,0,41,224991492.0
travel_new_regions,17250320,16.948,0,41,224991492.0
travel_new_regions,17266790,16.47,0,41,226054224.0
travel_new_regions,17283653,16.863,0,41,226158888.0
travel_new_regions,17300032,16.379,0,41,226778576.0
travel_new_regions,17317012,16.98,0,41,227102544.0
travel_new_regions,17333311,16.299,0,41,225743620.0
travel_new_regions,17350196,16.885,0,46,225779404.0
travel_new_regions,17366592,16.396,0,46,225779404.0
travel_new_regions,17383431,16.839,0,46,225779404.0
travel_new_regions,17399954,16.523,0,46,227055676.0
travel_new_regions,17416943,16.989,0,46,227377016.0
travel_new_regions,17433360,16.417,0,46,227365440.0
travel_new_regions,17450288,16.928,0,46,227656712.0
travel_new_regions,17466551,16.263,0,46,226786968.0
travel_new_regions,17483534,16.983,0,46,226790224.0
travel_new_regions,17499879,16.345,0,46,226790224.0
travel_new_regions,17516660,16.781,0,46,226790224.0
travel_new_regions,17533203,16.543,0,46,228069376.0
travel_new_regions,17550101,16.898,0,46,228338596.0
travel_new_regions,17566474,16.373,0,46,228475016.0
travel_new_regions,17583385,16.911,0,46,228753372.0
travel_new_regions,17599816,16.431,0,46,226958196.0
travel_new_regions,17616584,16.768,0,50,226959572.0
travel_new_regions,17633047,16.463,0,50,226959572.0
travel_new_regions,17649991,16.944,0,50,226959572.0
travel_new_regions,17666432,16.441,0,50,228443300.0
travel_new_regions,17683296,16.864,0,50,228632300.0
travel_new_regions,17699798,16.502,0,50,228618816.0
travel_new_regions,17716779,16.981,0,50,228910096.0
travel_new_regions,17733040,16.261,0,50,227230352.0
travel_new_regions,17749965,16.925,0,50,227235264.0
travel_new_regions,17766334,16.369,0,50,227235264.0
travel_new_regions,17783222,16.888,0,50,227235264.0
travel_new_regions,17799660,16.438,0,50,228722192.0
travel_new_regions,17816554,16.894,0,50,228629780.0
travel_new_regions,17833073,16.519,0,50,229227192.0
travel_new_regions,17849977,16.904,0,50,229592192.0
travel_new_regions,17866273,16.296,0,50,227967364.0
travel_new_regions,17883126,16.853,0,52,227422752.0
travel_new_regions,17899539,16.413,0,52,227417552.0
travel_new_regions,17916327,16.788,0,52,227417552.0
travel_new_regions,17932775,16.448,0,52,229945424.0
travel_new_regions,17949714,16.939,0,52,229105648.0
travel_new_regions,17966154,16.44,0,52,229201792.0
travel_new_regions,17983131,16.977,0,52,229191800.0
travel_new_regions,17999618,16.487,0,52,229483080.0
travel_new_regions,18016446,16.828,0,52,228392856.0
travel_new_regions,18032878,16.432,0,52,228402216.0
travel_new_regions,18049750,16.872,0,52,228402216.0
travel_new_regions,18066101,16.351,0,52,228402216.0
travel_new_regions,18083144,17.043,0,52,230095432.0
travel_new_regions,18099566,16.422,0,52,230021548.0
travel_new_regions,18116417,16.851,0,52,230222708.0
travel_new_regions,18132831,16.414,0,52,230561912.0
travel_new_regions,18149693,16.862,0,52,229344984.0
travel_new_regions,18166029,16.336,0,54,229348840.0
travel_new_regions,18183016,16.987,0,54,229348840.0
travel_new_regions,18199397,16.381,0,54,229348840.0
travel_new_regions,18216351,16.954,0,54,230300004.0
travel_new_regions,18232790,16.439,0,54,231254376.0
travel_new_regions,18249780,16.99,0,54,230876016.0
travel_new_regions,18266185,16.405,0,54,230864496.0
travel_new_regions,18283150,16.965,0,54,230803384.0
travel_new_regions,18299509,16.359,0,54,229633060.0
travel_new_regions,18316381,16.872,0,54,229639796.0
travel_new_regions,18332849,16.468,0,54,229639796.0
travel_new_regions,18349680,16.831,0,54,229639796.0
travel_new_regions,18366093,16.413,0,54,229639796.0
travel_new_regions,18383048,16.955,0,54,231550452.0
travel_new_regions,18399542,16.494,0,54,231393716.0
travel_new_regions,18416310,16.768,0,54,231485660.0
travel_new_regions,18432729,16.419,0,54,231742664.0
travel_new_regions,18449602,16.873,0,54,230275848.0
travel_new_regions,18466006,16.404,0,56,230282600.0
travel_new_regions,18482881,16.875,0,56,230282600.0
travel_new_regions,18499296,16.415,0,56,230282600.0
travel_new_regions,18516239,16.943,0,56,230282600.0
travel_new_regions,18532656,16.417,0,56,232379656.0
travel_new_regions,18549370,16.714,0,56,231890432.0
travel_new_regions,18566099,16.729,0,56,231951996.0
travel_new_regions,18583101,17.002,0,56,232149312.0
travel_new_regions,18599327,16.226,0,56,230816068.0
travel_new_regions,18616372,17.045,0,56,230823060.0
travel_new_regions,18632831,16.459,0,56,230823060.0
travel_new_regions,18649604,16.773,0,56,230823060.0
travel_new_regions,18666047,16.443,0,56,230823060.0
travel_new_regions,18683031,16.984,0,56,232923636.0
travel_new_regions,18699455,16.424,0,56,232685124.0
travel_new_regions,18716370,16.915,0,56,232886580.0
travel_new_regions,18732819,16.449,0,56,233239752.0
travel_new_regions,18749757,16.938,0,56,231800752.0
travel_new_regions,18766011,16.254,0,62,231808000.0
travel_new_regions,18782930,16.919,0,62,231808000.0
travel_new_regions,18799309,16.379,0,62,231808000.0
travel_new_regions,18816235,16.926,0,62,231808000.0
travel_new_regions,18832587,16.352,0,62,233912096.0
travel_new_regions,18849562,16.975,0,62,233345948.0
travel_new_regions,18865934,16.372,0,62,233327480.0
travel_new_regions,18882920,16.986,0,62,233263128.0
travel_new_regions,18899235,16.315,0,62,231986332.0
travel_new_regions,18916076,16.841,0,62,232000876.0
travel_new_regions,18932472,16.396,0,62,232000876.0
travel_new_regions,18949382,16.91,0,62,232000872.0
travel_new_regions,18965864,16.482,0,62,232000876.0
travel_new_regions,18982723,16.859,0,62,234108448.0
travel_new_regions,18999120,16.397,0,62,234116652.0
travel_new_regions,19016053,16.933,0,62,234116652.0
travel_new_regions,19032501,16.448,0,62,234115660.0
travel_new_regions,19049339,16.838,0,62,234735592.0
travel_new_regions,19065767,16.428,0,62,234269360.0
travel_new_regions,19082802,17.035,0,62,234358392.0
travel_new_regions,19099204,16.402,0,62,234707984.0
travel_new_regions,19116091,16.887,0,62,232823752.0
travel_new_regions,19132539,16.448,0,66,231809762.0
travel_new_regions,19149448,16.909,0,66,231804194.0
travel_new_regions,19165815,16.367,0,66,231804194.0
travel_new_regions,19182722,16.907,0,66,231803018.0
travel_new_regions,19199190,16.468,0,66,233912198.0
travel_new_regions,19216014,16.824,0,66,233920426.0
travel_new_regions,19232443,16.429,0,66,233920426.0
travel_new_regions,19249336,16.893,0,66,233920426.0
travel_new_regions,19265713,16.377,0,66,234746070.0
travel_new_regions,19282702,16.989,0,66,233861854.0
travel_new_regions,19299154,16.452,0,66,233843162.0
travel_new_regions,19316058,16.904,0,66,233962746.0
travel_new_regions,19332508,16.45,0,66,232264870.0
travel_new_regions,19349339,16.831,0,66,232272634.0
travel_new_regions,19365795,16.456,0,66,232272634.0
travel_new_regions,19382678,16.883,0,66,233481850.0
travel_new_regions,19399089,16.411,0,66,233104298.0
travel_new_regions,19416183,17.094,0,66,233487006.0
travel_new_regions,19432391,16.208,0,66,233530642.0
travel_new_regions,19449269,16.878,0,66,233822290.0
travel_new_regions,19465802,16.533,0,66,232445954.0
travel_new_regions,19482591,16.789,0,68,232453730.0
travel_new_regions,19499029,16.438,0,68,232453730.0
travel_new_regions,19515936,16.907,0,68,232453730.0
travel_new_regions,19532449,16.513,0,68,233506354.0
travel_new_regions,19549388,16.939,0,68,233884358.0
travel_new_regions,19565841,16.453,0,68,233868866.0
travel_new_regions,19582969,17.128,0,68,234160146.0
travel_new_regions,19599232,16.263,0,68,232742618.0
travel_new_regions,19616161,16.929,0,68,232749874.0
travel_new_regions,19632499,16.338,0,68,232749874.0
travel_new_regions,19649477,16.978,0,68,232749874.0
travel_new_regions,19666269,16.792,0,68,233807394.0
travel_new_regions,19682804,16.535,0,68,234000810.0
travel_new_regions,19699367,16.563,0,68,234542638.0
travel_new_regions,19716374,17.007,0,68,234822242.0
travel_new_regions,19732605,16.231,0,68,232760802.0
travel_new_regions,19749434,16.829,0,70,232768450.0
travel_new_regions,19765741,16.307,0,70,232772242.0
travel_new_regions,19782744,17.003,0,70,232772242.0
travel_new_regions,19799325,16.581,0,70,234058722.0
travel_new_regions,19816200,16.875,0,70,234381862.0
travel_new_regions,19832861,16.661,0,70,234472118.0
travel_new_regions,19849598,16.737,0,70,234752350.0
travel_new_regions,19865806,16.208,0,70,233751310.0
travel_new_regions,19882883,17.077,0,70,233763126.0
travel_new_regions,19899712,16.829,0,70,233763126.0
travel_new_regions,19916105,16.393,0,70,233763126.0
travel_new_regions,19932757,16.652,0,70,235052806.0
travel_new_regions,19949409,16.652,0,70,235253754.0
travel_new_regions,19966319,16.91,0,70,235499446.0
travel_new_regions,19983245,16.926,0,70,235897210.0
travel_new_regions,19999481,16.236,0,70,234780362.0
travel_new_regions,20016029,16.548,0,73,234793834.0
travel_new_regions,20032444,16.415,0,73,234793834.0
travel_new_regions,20049448,17.004,0,73,234793834.0
travel_new_regions,20066180,16.732,0,73,236313962.0
travel_new_regions,20082810,16.63,0,73,236183946.0
travel_new_regions,20099631,16.821,0,73,236168370.0
travel_new_regions,20116556,16.925,0,73,236290066.0
travel_new_regions,20132508,15.952,0,73,235290330.0
travel_new_regions,20149683,17.175,0,74,235303082.0
travel_new_regions,20166140,16.457,0,74,235303082.0
travel_new_regions,20182766,16.626,0,74,235303082.0
travel_new_regions,20199387,16.621,0,74,236828010.0
travel_new_regions,20216107,16.72,0,74,236928134.0
travel_new_regions,20233094,16.987,0,74,237013658.0
travel_new_regions,20249710,16.616,0,74,237308418.0
travel_new_regions,20266077,16.367,0,74,235918758.0
travel_new_regions,20282717,16.64,0,78,235472314.0
travel_new_regions,20299426,16.709,0,78,235466382.0
travel_new_regions,20316015,16.589,0,78,235466382.0
travel_new_regions,20332680,16.665,0,78,236340786.0
travel_new_regions,20349826,17.146,0,78,237218398.0
travel_new_regions,20366030,16.204,0,78,236976110.0
travel_new_regions,20382955,16.925,0,78,237037030.0
travel_new_regions,20399610,16.655,0,78,237263298.0
travel_new_regions,20416061,16.451,0,78,236140394.0
travel_new_regions,20432751,16.69,0,78,236159414.0
travel_new_regions,20449383,16.632,0,78,236159418.0
travel_new_regions,20466085,16.702,0,78,236159418.0
travel_new_regions,20482720,16.635,0,78,238310422.0
travel_new_regions,20499702,16.982,0,78,237915274.0
travel_new_regions,20516017,16.315,0,78,237788058.0
travel_new_regions,20532703,16.686,0,78,237999422.0
travel_new_regions,20549412,16.709,0,78,238418010.0
travel_new_regions,20565749,16.337,0,78,236357710.0
travel_new_regions,20582842,17.093,0,80,236371310.0
travel_new_regions,20599107,16.265,0,80,236371310.0
travel_new_regions,20616039,16.932,0,80,236371310.0
travel_new_regions,20632450,16.411,0,80,236371310.0
travel_new_regions,20649784,17.334,0,80,238342366.0
travel_new_regions,20665804,16.02,0,80,238334174.0
travel_new_regions,20683096,17.292,0,80,238315474.0
travel_new_regions,20699503,16.407,0,80,238606054.0
travel_new_regions,20716099,16.596,0,80,236655818.0
travel_new_regions,20732513,16.414,0,80,236675882.0
travel_new_regions,20749408,16.895,0,80,236674634.0
travel_new_regions,20765883,16.475,0,80,236674634.0
travel_new_regions,20782717,16.834,0,80,238646762.0
travel_new_regions,20799363,16.646,0,80,238650170.0
travel_new_regions,20816066,16.703,0,80,238344130.0
travel_new_regions,20832664,16.598,0,80,238942610.0
travel_new_regions,20849729,17.065,0,80,239291410.0
travel_new_regions,20865775,16.046,0,80,237468674.0
travel_new_regions,20882522,16.747,0,83,237483282.0
travel_new_regions,20899088,16.566,0,83,237483282.0
travel_new_regions,20916044,16.956,0,83,237483282.0
travel_new_regions,20932394,16.35,0,83,237483278.0
travel_new_regions,20949795,17.401,0,83,239647298.0
travel_new_regions,20965741,15.946,0,83,239015358.0
travel_new_regions,20982810,17.069,0,83,239512982.0
travel_new_regions,20999808,16.998,0,83,239803562.0
travel_new_regions,21016002,16.194,0,83,238439186.0
travel_new_regions,21032502,16.5,0,84,238453914.0
travel_new_regions,21049358,16.856,0,84,238453922.0
travel_new_regions,21065762,16.404,0,84,238453922.0
travel_new_regions,21082717,16.955,0,84,238453922.0
travel_new_regions,21099052,16.335,0,84,240621778.0
travel_new_regions,21116052,17.0,0,84,240243538.0
travel_new_regions,21132791,16.739,0,84,240575566.0
travel_new_regions,21149588,16.797,0,84,240850626.0
travel_new_regions,21165776,16.188,0,84,239285818.0
travel_new_regions,21182453,16.677,0,88,239307802.0
travel_new_regions,21198996,16.543,0,88,239307802.0
travel_new_regions,21215783,16.787,0,88,239307802.0
travel_new_regions,21232347,16.564,0,88,239307802.0
travel_new_regions,21249227,16.88,0,88,241481414.0
travel_new_regions,21265875,16.648,0,88,240883230.0
travel_new_regions,21282927,17.052,0,88,240867546.0
travel_new_regions,21299348,16.421,0,88,240989770.0
travel_new_regions,21315943,16.595,0,88,239678810.0
travel_new_regions,21332291,16.348,0,88,239694314.0
travel_new_regions,21349102,16.811,0,88,239694314.0
travel_new_regions,21365582,16.48,0,88,239694310.0
travel_new_regions,21382361,16.779,0,88,239694314.0
travel_new_regions,21398980,16.619,0,88,241871406.0
travel_new_regions,21415751,16.771,0,88,241879610.0
travel_new_regions,21432113,16.362,0,88,241879610.0
travel_new_regions,21449130,17.017,0,88,241879610.0
travel_new_regions,21465542,16.412,0,88,241879610.0
travel_new_regions,21482398,16.856,0,88,241879610.0
travel_new_regions,21498874,16.476,0,88,241879610.0
travel_new_regions,21515715,16.841,0,88,241879610.0
travel_new_regions,21532141,16.426,0,88,241879610.0
travel_new_regions,21549100,16.959,0,88,241879610.0
travel_new_regions,21565491,16.391,0,88,241879610.0
travel_new_regions,21582401,16.91,0,88,241879606.0
travel_new_regions,21598732,16.331,0,88,241879610.0
travel_new_regions,21615686,16.954,0,88,241879610.0
travel_new_regions,21632494,16.808,0,88,242610982.0
travel_new_regions,21649151,16.657,0,88,241989994.0
travel_new_regions,21665700,16.549,0,88,242080202.0
travel_new_regions,21682912,17.212,0,88,242375146.0
travel_new_regions,21698804,15.892,0,88,240431494.0
travel_new_regions,21715600,16.796,0,90,239389022.0
travel_new_regions,21732126,16.526,0,90,239383086.0
travel_new_regions,21749021,16.895,0,90,239383086.0
travel_new_regions,21765403,16.382,0,90,239383086.0
travel_new_regions,21782439,17.036,0,90,241560802.0
travel_new_regions,21798767,16.328,0,90,241569030.0
travel_new_regions,21815605,16.838,0,90,241569030.0
travel_new_regions,21832054,16.449,0,90,241569030.0
travel_new_regions,21848973,16.919,0,90,241569030.0
travel_new_regions,21865349,16.376,0,90,241569030.0
travel_new_regions,21882331,16.982,0,90,241569030.0
travel_new_regions,21898729,16.398,0,90,241569030.0
travel_new_regions,21915636,16.907,0,90,241569030.0
travel_new_regions,21932058,16.422,0,90,241569030.0
travel_new_regions,21949057,16.999,0,90,241569030.0
travel_new_regions,21965476,16.419,0,90,241569030.0
travel_new_regions,21982284,16.808,0,90,241569030.0
travel_new_regions,21998758,16.474,0,90,241569030.0
travel_new_regions,22015621,16.863,0,90,242494642.0
travel_new_regions,22032224,16.603,0,90,241493806.0
travel_new_regions,22049240,17.016,0,90,241469542.0
travel_new_regions,22066086,16.846,0,90,241591238.0
travel_new_regions,22082362,16.276,0,90,239821270.0
travel_new_regions,22098669,16.307,0,90,239839782.0
travel_new_regions,22115641,16.972,0,90,239839782.0
travel_new_regions,22131960,16.319,0,90,239839782.0
travel_new_regions,22149017,17.057,0,90,239839782.0
travel_new_regions,22165368,16.351,0,90,239839782.0
travel_new_regions,22182318,16.95,0,90,239839778.0
travel_new_regions,22198715,16.397,0,90,239839782.0
travel_new_regions,22215713,16.998,0,90,239839782.0
travel_new_regions,22231951,16.238,0,90,239839782.0
travel_new_regions,22248949,16.998,0,90,239839782.0
travel_new_regions,22265289,16.34,0,90,239839778.0
travel_new_regions,22282237,16.948,0,90,239839782.0
travel_new_regions,22298614,16.377,0,90,240771846.0
travel_new_regions,22315597,16.983,0,90,241078566.0
travel_new_regions,22332121,16.524,0,90,241269926.0
travel_new_regions,22349247,17.126,0,90,241618370.0
travel_new_regions,22365304,16.057,0,90,240782298.0
travel_new_regions,22382163,16.859,0,92,240793578.0
travel_new_regions,22398489,16.326,0,92,240799266.0
travel_new_regions,22415520,17.031,0,92,240799266.0
travel_new_regions,22431830,16.31,0,92,240799262.0
travel_new_regions,22448906,17.076,0,92,240799506.0
travel_new_regions,22465208,16.302,0,92,240799506.0
travel_new_regions,22482094,16.886,0,92,240799506.0
travel_new_regions,22498470,16.376,0,92,240799506.0
travel_new_regions,22515385,16.915,0,92,240799506.0
travel_new_regions,22531816,16.431,0,92,240799506.0
travel_new_regions,22548508,16.692,0,92,240799506.0
travel_new_regions,22565157,16.649,0,92,240799506.0
travel_new_regions,22582169,17.012,0,92,240799506.0
travel_new_regions,22598763,16.594,0,92,241921650.0
travel_new_regions,22615897,17.134,0,92,241899866.0
travel_new_regions,22632328,16.431,0,92,241879206.0
travel_new_regions,22649152,16.824,0,92,241815062.0
travel_new_regions,22665223,16.071,0,92,241048462.0
travel_new_regions,22682035,16.812,0,92,241054430.0
travel_new_regions,22698348,16.313,0,92,241054430.0
travel_new_regions,22715323,16.975,0,92,241054430.0
travel_new_regions,22731788,16.465,0,92,241054430.0
travel_new_regions,22748682,16.894,0,92,241054430.0
travel_new_regions,22765019,16.337,0,92,241054430.0
travel_new_regions,22782085,17.066,0,92,241054430.0
travel_new_regions,22798474,16.389,0,92,241054430.0
travel_new_regions,22815402,16.928,0,92,241054430.0
travel_new_regions,22831729,16.327,0,92,241054430.0
travel_new_regions,22848734,17.005,0,92,241054430.0
travel_new_regions,22864995,16.261,0,92,241054430.0
travel_new_regions,22881982,16.987,0,92,241054430.0
travel_new_regions,22898793,16.811,0,92,242182334.0
travel_new_regions,22915404,16.611,0,92,242298698.0
return_history_control,22932014,16.61,0,92,242529658.0
return_history_control,22949182,17.168,0,92,242758338.0
return_history_control,22965423,16.241,0,92,242835630.0
return_history_control,22981354,15.931,2,92,243682798.0
return_history_control,22998398,17.044,0,92,244829978.0
return_history_control,23015577,17.179,0,92,244597816.0
return_history_control,23033210,17.633,0,92,242885208.0
return_history_control,23050785,17.575,0,92,243147388.0
return_history_control,23067747,16.962,3,92,243070720.0
return_history_control,23085384,17.637,3,92,243825504.0
return_history_control,23102474,17.09,2,92,244124244.0
return_history_control,23120242,17.768,0,92,243460152.0
return_history_control,23137304,17.062,0,92,243797696.0
return_history_control,23154181,16.877,2,92,245014166.0
return_history_control,23170738,16.557,4,92,245029166.0
return_history_control,23187940,17.202,4,92,245030094.0
return_history_control,23204201,16.261,4,92,245030094.0
return_history_control,23221239,17.038,4,92,245030094.0
return_history_control,23237269,16.03,4,92,245030306.0
return_history_control,23253889,16.62,4,92,245025058.0
return_history_control,23269803,15.914,4,92,245025062.0
return_history_control,23286287,16.484,2,92,244799901.0
return_history_control,23302312,16.025,2,92,244795877.0
return_history_control,23318217,15.905,0,92,244267836.0
return_history_control,23335136,16.919,0,92,244536248.0
return_history_control,23351391,16.255,4,92,244031828.0
return_history_control,23367875,16.484,6,92,244033868.0
return_history_control,23384719,16.844,4,92,244973176.0
return_history_control,23401401,16.682,0,92,246033863.0
return_history_control,23418150,16.749,0,92,245294984.0
return_history_control,23434606,16.456,0,92,245639728.0
return_history_control,23451365,16.759,4,92,247083818.0
return_history_control,23467779,16.414,6,92,247085858.0
return_history_control,23484705,16.926,6,92,247086786.0
return_history_control,23501124,16.419,6,92,247086786.0
return_history_control,23518094,16.97,6,92,247086782.0
return_history_control,23534437,16.343,6,92,247086786.0
return_history_control,23551351,16.914,6,92,247086786.0
return_history_control,23567865,16.514,6,92,247086786.0
return_history_control,23584597,16.732,6,92,247086786.0
return_history_control,23601144,16.547,6,92,247086786.0
return_history_control,23617945,16.801,6,92,247087290.0
return_history_control,23634439,16.494,6,92,247087290.0
return_history_control,23651320,16.881,6,92,247087290.0
return_history_control,23667760,16.44,6,92,247087286.0
return_history_control,23684589,16.829,6,92,247087290.0
return_history_control,23701043,16.454,4,92,246692732.0
return_history_control,23717927,16.884,4,92,246698548.0
return_history_control,23734418,16.491,4,92,245986500.0
return_history_control,23751748,17.33,0,92,246469832.0
return_history_control,23767786,16.038,3,92,245972288.0
return_history_control,23784544,16.758,5,92,245974304.0
return_history_control,23800989,16.445,5,92,245975232.0
return_history_control,23817957,16.968,3,92,247311086.0
return_history_control,23834292,16.335,3,92,247316902.0
return_history_control,23851120,16.828,0,92,246455064.0
return_history_control,23868854,17.734,0,92,246689744.0
return_history_control,23885141,16.287,2,92,247042470.0
return_history_control,23901241,16.1,4,92,247044502.0
return_history_control,23917939,16.698,4,92,247045438.0
return_history_control,23934286,16.347,4,92,247045438.0
return_history_control,23951273,16.987,2,92,246879210.0
return_history_control,23967865,16.592,2,92,246885770.0
return_history_control,23984692,16.827,0,92,246812956.0
return_history_control,24001490,16.798,0,92,247171776.0
return_history_control,24017954,16.464,1,92,246573048.0
return_history_control,24034302,16.348,3,92,246575040.0
return_history_control,24051225,16.923,3,92,246575968.0
return_history_control,24067929,16.704,0,92,246992564.0
return_history_control,24084574,16.645,0,92,247122812.0
return_history_control,24101396,16.822,0,92,247160264.0
return_history_control,24118472,17.076,0,92,247505008.0
return_history_control,24135136,16.664,0,92,246870392.0
return_history_control,24151395,16.259,0,92,246868996.0
return_history_control,24168145,16.75,0,92,246976760.0
return_history_control,24184660,16.515,0,92,247263548.0
return_history_control,24201400,16.74,0,92,247538524.0
return_history_control,24218186,16.786,0,92,247031208.0
return_history_control,24235060,16.874,0,92,247029932.0
return_history_control,24251648,16.588,0,92,247145412.0
return_history_control,24267909,16.261,0,92,247387628.0
return_history_control,24284870,16.961,0,92,247732372.0
return_history_control,24301930,17.06,0,92,247095940.0
return_history_control,24318178,16.248,0,92,247094548.0
return_history_control,24335164,16.986,0,92,247218472.0
return_history_control,24351407,16.243,0,92,247507204.0
return_history_control,24368290,16.883,0,92,247765112.0
return_history_control,24385207,16.917,0,92,247270136.0
return_history_control,24401504,16.297,0,92,247268800.0
return_history_control,24418406,16.902,0,92,247367884.0
return_history_control,24434722,16.316,0,92,247610528.0
return_history_control,24451963,17.241,0,92,247951560.0
return_history_control,24468320,16.357,0,92,247315276.0
return_history_control,24484844,16.524,0,92,247314948.0
return_history_control,24501365,16.521,0,92,247408636.0
return_history_control,24518439,17.074,0,92,247695908.0
return_history_control,24534708,16.269,0,92,247965400.0
return_history_control,24551641,16.933,0,92,247458080.0
return_history_control,24567814,16.173,0,92,247456684.0
return_history_control,24584639,16.825,0,92,247591100.0
return_history_control,24601655,17.016,0,92,247833316.0
return_history_control,24618206,16.551,0,92,248174084.0
return_history_control,24635351,17.145,0,92,247537656.0
return_history_control,24651784,16.433,0,92,247536260.0
return_history_control,24668334,16.55,0,92,247609824.0
return_history_control,24684981,16.647,0,92,247896980.0
return_history_control,24701552,16.571,0,92,248168504.0
return_history_control,24718372,16.82,0,92,247661180.0
return_history_control,24734997,16.625,0,92,247659908.0
return_history_control,24751856,16.859,0,92,247759568.0
return_history_control,24768179,16.323,0,92,248001972.0
return_history_control,24785084,16.905,0,92,248253648.0
return_history_control,24801556,16.472,0,92,247706704.0
return_history_control,24818458,16.902,0,92,247705488.0
return_history_control,24834907,16.449,0,92,247821450.0
return_history_control,24851479,16.572,0,92,248110122.0
return_history_control,24867966,16.487,0,92,248380374.0
return_history_control,24885225,17.259,0,92,247874302.0
return_history_control,24901825,16.6,0,92,247873018.0
return_history_control,24918672,16.847,0,92,247965666.0
return_history_control,24934558,15.886,0,92,248208130.0
return_history_control,24951796,17.238,0,92,248550610.0
return_history_control,24968197,16.401,0,92,247914398.0
return_history_control,24985347,17.15,0,92,247913118.0
return_history_control,25001439,16.092,0,92,248008726.0
return_history_control,25018168,16.729,0,92,248295698.0
return_history_control,25034881,16.713,0,92,248567518.0
return_history_control,25052131,17.25,0,92,248060194.0
return_history_control,25067891,15.76,0,92,248059098.0
return_history_control,25084701,16.81,0,92,248164194.0
return_history_control,25100985,16.284,0,92,248406662.0
return_history_control,25118173,17.188,0,92,248747686.0
return_history_control,25134749,16.576,0,92,248111258.0
return_history_control,25151645,16.896,0,92,248109982.0
return_history_control,25167996,16.351,0,92,248218002.0
return_history_control,25184815,16.819,0,92,248505334.0
return_history_control,25201250,16.435,0,92,248767458.0
return_history_control,25218603,17.353,0,92,248272482.0
return_history_control,25234666,16.063,0,92,248271026.0
return_history_control,25251666,17.0,0,92,248399580.0
return_history_control,25268049,16.383,0,92,248645372.0
return_history_control,25284903,16.854,0,92,248989220.0
return_history_control,25301464,16.561,0,92,248352792.0
return_history_control,25318255,16.791,0,92,248351396.0
return_history_control,25334665,16.41,0,92,248437844.0
return_history_control,25351385,16.72,0,92,248726056.0
return_history_control,25367975,16.59,0,92,248999884.0
return_history_control,25385198,17.223,0,92,248492568.0
recovery,25401193,15.995,0,92,248490680.0
recovery,25417958,16.765,0,92,248583152.0
recovery,25434710,16.752,0,92,248654748.0
recovery,25451465,16.755,0,92,248711890.0
recovery,25467839,16.374,0,92,248778928.0
recovery,25484674,16.835,0,92,248849448.0
recovery,25501052,16.378,0,92,248912714.0
recovery,25518112,17.06,0,92,248975542.0
recovery,25534492,16.38,0,92,249044136.0
recovery,25551189,16.697,1,92,249299278.0
recovery,25567651,16.462,2,92,249302002.0
recovery,25584441,16.79,2,92,249301998.0
recovery,25600958,16.517,0,92,249246652.0
recovery,25617763,16.805,1,92,249498150.0
recovery,25634266,16.503,2,92,249499034.0
recovery,25651335,17.069,0,92,249434372.0
recovery,25667701,16.366,1,92,249647506.0
recovery,25684473,16.772,2,92,249649862.0
recovery,25700993,16.52,2,92,249649946.0
recovery,25717946,16.953,2,92,249649694.0
recovery,25734261,16.315,2,92,249649694.0
recovery,25751202,16.941,0,92,249587288.0
recovery,25767950,16.748,0,92,249654638.0
recovery,25784310,16.36,1,92,250065664.0
recovery,25800908,16.598,2,92,250068000.0
recovery,25817875,16.967,2,92,250068000.0
recovery,25834459,16.584,2,92,250068000.0
recovery,25851078,16.619,2,92,250068336.0
recovery,25867560,16.482,2,92,250068336.0
recovery,25884325,16.765,2,92,250068336.0
recovery,25900910,16.585,2,92,250068208.0
recovery,25917457,16.547,2,92,250068316.0
recovery,25934089,16.632,2,92,250068316.0
recovery,25951099,17.01,2,92,250068312.0
recovery,25967584,16.485,2,92,250068316.0
recovery,25984382,16.798,2,92,250068316.0
recovery,26000802,16.42,2,92,250068312.0
recovery,26017714,16.912,2,92,250068316.0
recovery,26034109,16.395,2,92,250068316.0
recovery,26050965,16.856,2,92,250068316.0
recovery,26067836,16.871,0,92,249938302.0
recovery,26084546,16.71,1,92,250121230.0
recovery,26100805,16.259,2,92,250123314.0
recovery,26117660,16.855,2,92,250123314.0
recovery,26134114,16.454,2,92,250123314.0
recovery,26150936,16.822,2,92,250123314.0
recovery,26167415,16.479,2,92,250123314.0
recovery,26184335,16.92,2,92,250123310.0
recovery,26200753,16.418,2,92,250123314.0
recovery,26217659,16.906,2,92,250123314.0
recovery,26233996,16.337,2,92,250123314.0
recovery,26250998,17.002,2,92,250123314.0
recovery,26267680,16.682,0,92,250015068.0
recovery,26284310,16.63,1,92,250625130.0
recovery,26300782,16.472,2,92,250627490.0
recovery,26317797,17.015,2,92,250627490.0
recovery,26334066,16.269,2,92,250627490.0
recovery,26350839,16.773,2,92,250627490.0
recovery,26367326,16.487,2,92,250627490.0
recovery,26384350,17.024,2,92,250627490.0
recovery,26400673,16.323,2,92,250627490.0
recovery,26417610,16.937,2,92,250627490.0
recovery,26433915,16.305,2,92,250628338.0
recovery,26450981,17.066,2,92,250628338.0
recovery,26467347,16.366,2,92,250628338.0
recovery,26484305,16.958,2,92,250628338.0
recovery,26500802,16.497,2,92,250628338.0
recovery,26517513,16.711,2,92,250628338.0
recovery,26533978,16.465,2,92,250628338.0
recovery,26550831,16.853,2,92,250628338.0
recovery,26567464,16.633,2,92,250628338.0
recovery,26584150,16.686,2,92,250628338.0
recovery,26600589,16.439,2,92,250628338.0
recovery,26617501,16.912,2,92,250628338.0
recovery,26633916,16.415,2,92,250628338.0
recovery,26650828,16.912,2,92,250628338.0
recovery,26667276,16.448,2,92,250628338.0
recovery,26684209,16.933,2,92,250628338.0
recovery,26700565,16.356,2,92,250628338.0
recovery,26717405,16.84,2,92,250628334.0
recovery,26733852,16.447,2,92,250628338.0
recovery,26750695,16.843,2,92,250628338.0
recovery,26767161,16.466,2,92,250628338.0
recovery,26784114,16.953,2,92,250628338.0
recovery,26801215,17.101,0,92,250394380.0
recovery,26817587,16.372,0,92,250528056.0
recovery,26833756,16.169,1,92,250284028.0
recovery,26850763,17.007,2,92,250287168.0
recovery,26867253,16.49,2,92,250287164.0
recovery,26884081,16.828,2,92,250287168.0
recovery,26900457,16.376,2,92,250287168.0
recovery,26917402,16.945,2,92,250287168.0
recovery,26933776,16.374,2,92,250287168.0
recovery,26950919,17.143,0,92,250219086.0
recovery,26967149,16.23,1,92,250602438.0
recovery,26983977,16.828,2,92,250604774.0
recovery,27000581,16.604,2,92,250604774.0
recovery,27017481,16.9,2,92,250604766.0
recovery,27033774,16.293,2,92,250604774.0
recovery,27050583,16.809,2,92,250604774.0
recovery,27067188,16.605,2,92,250604774.0
recovery,27084043,16.855,2,92,250604774.0
recovery,27100446,16.403,2,92,250604774.0
recovery,27117360,16.914,2,92,250604774.0
recovery,27133683,16.323,2,92,250604774.0
recovery,27150743,17.06,2,92,250604770.0
recovery,27167024,16.281,2,92,250604774.0
recovery,27183955,16.931,2,92,250604774.0
recovery,27200579,16.624,0,92,250480964.0
recovery,27217431,16.852,0,92,250301492.0
recovery,27234040,16.609,0,92,250366644.0
recovery,27250877,16.837,0,92,250435004.0
recovery,27267177,16.3,0,92,250494328.0
recovery,27284198,17.021,0,92,250508706.0
recovery,27300413,16.215,0,92,250544210.0
recovery,27317532,17.119,0,92,250665082.0
recovery,27333846,16.314,0,92,250725444.0
recovery,27350730,16.884,0,92,250793908.0
recovery,27367326,16.596,0,92,250861162.0
recovery,27384053,16.727,0,92,250922842.0
recovery,27400493,16.44,0,92,250937660.0
recovery,27417536,17.043,0,92,250943900.0
recovery,27434055,16.519,0,92,251011178.0
recovery,27450605,16.55,0,92,251066514.0
recovery,27467077,16.472,0,92,251128998.0
recovery,27483934,16.857,0,92,251196282.0
recovery,27500346,16.412,0,92,251264334.0
recovery,27517167,16.821,0,92,251334080.0
recovery,27533715,16.548,0,92,251402100.0
recovery,27550662,16.947,0,92,251441924.0
recovery,27567305,16.643,0,92,251495712.0
recovery,27583937,16.632,0,92,251511626.0
recovery,27600360,16.423,0,92,251582752.0
recovery,27617263,16.903,0,92,251633752.0
recovery,27633617,16.354,0,92,251693936.0
recovery,27650539,16.922,0,92,251757992.0
recovery,27666954,16.415,0,92,251833074.0
recovery,27683818,16.864,0,92,251894502.0
recovery,27700229,16.411,0,92,251949174.0
recovery,27717271,17.042,0,92,252017144.0
recovery,27733602,16.331,0,92,252083744.0
recovery,27750625,17.023,0,92,252144740.0
recovery,27766943,16.318,0,92,252213944.0
recovery,27783680,16.737,0,92,252272548.0
recovery,27800214,16.534,0,92,252302764.0
recovery,27817094,16.88,0,92,252372266.0
recovery,27833941,16.847,0,92,252433482.0
recovery,27850489,16.548,0,92,252483682.0
recovery,27866904,16.415,0,92,252537466.0
recovery,27885394,18.49,0,92,252606056.0
recovery,27900925,15.531,0,92,252622270.0
recovery,27917226,16.301,0,92,252679754.0
recovery,27933892,16.666,0,92,252721202.0
recovery,27951669,17.777,0,92,252783182.0
recovery,27967628,15.959,0,92,252837330.0
recovery,27983816,16.188,0,92,252848610.0
recovery,28000396,16.58,0,92,252908894.0
recovery,28017196,16.8,0,92,252980356.0
recovery,28033612,16.416,0,92,253039172.0
recovery,28050432,16.82,0,92,253038752.0
recovery,28067167,16.735,0,92,253038756.0
recovery,28083845,16.678,0,92,253038756.0
recovery,28100370,16.525,0,92,253038756.0
recovery,28117155,16.785,0,92,253038756.0
recovery,28134154,16.999,0,92,253038756.0
recovery,28150656,16.502,0,92,253038764.0
recovery,28167102,16.446,0,92,253038764.0
recovery,28183869,16.767,0,92,253038764.0
recovery,28200605,16.736,0,92,253038764.0
recovery,28217346,16.741,0,92,253038764.0
recovery,28233888,16.542,0,92,253038764.0
recovery,28250652,16.764,0,92,253038764.0
recovery,28267354,16.702,0,92,253038764.0
recovery,28284012,16.658,0,92,253038764.0
recovery,28300435,16.423,0,92,253038764.0
recovery,28317163,16.728,0,92,253038764.0
recovery,28333996,16.833,0,92,253038764.0
recovery,28350533,16.537,0,92,253038764.0
recovery,28367410,16.877,0,92,253038968.0
recovery,28383778,16.368,0,92,253038356.0
recovery,28400896,17.118,0,92,253038356.0
recovery,28417359,16.463,0,92,253038356.0
recovery,28433863,16.504,0,92,253038356.0
recovery,28450260,16.397,0,92,253038356.0
recovery,28467309,17.049,0,92,253038356.0
recovery,28483674,16.365,0,92,253038356.0
recovery,28500546,16.872,0,92,253046080.0
recovery,28517105,16.559,0,92,253046080.0
recovery,28533641,16.536,0,92,253046080.0
recovery,28550615,16.974,0,92,253046080.0
recovery,28566676,16.061,0,92,253046080.0
recovery,28583825,17.149,0,92,253046080.0
recovery,28599987,16.162,0,92,253046080.0
recovery,28617303,17.316,0,92,253046080.0
recovery,28633655,16.352,0,92,253046080.0
recovery,28650396,16.741,0,92,253046080.0
recovery,28666908,16.512,0,92,253046080.0
recovery,28683841,16.933,0,92,253046080.0
recovery,28700574,16.733,0,92,253046080.0
recovery,28717043,16.469,0,92,253046080.0
recovery,28733539,16.496,0,92,253046080.0
recovery,28750538,16.999,0,92,253046080.0
recovery,28766818,16.28,0,92,253046076.0
recovery,28783867,17.049,0,92,253046080.0
recovery,28800391,16.524,0,92,253046080.0
recovery,28817162,16.771,0,92,253046080.0
recovery,28833528,16.366,0,92,253046080.0
recovery,28850370,16.842,0,92,253046080.0
recovery,28866643,16.273,0,92,253046080.0
recovery,28884357,17.714,0,92,253046080.0
recovery,28900353,15.996,0,92,253048600.0
recovery,28917186,16.833,0,92,253048600.0
recovery,28933515,16.329,0,92,253048600.0
recovery,28950099,16.584,0,92,253048600.0
recovery,28967091,16.992,0,92,253048600.0
recovery,28983968,16.877,0,92,253048600.0
recovery,29000402,16.434,0,92,253048600.0
recovery,29017040,16.638,0,92,253048600.0
recovery,29033854,16.814,0,92,253048600.0
recovery,29050386,16.532,0,92,253048600.0
recovery,29066551,16.165,0,92,253048600.0
recovery,29083758,17.207,0,92,253048600.0
recovery,29100077,16.319,0,92,253048600.0
recovery,29117235,17.158,0,92,253048600.0
recovery,29133625,16.39,0,92,253048596.0
recovery,29150132,16.507,0,92,253048600.0
recovery,29166483,16.351,0,92,253048600.0
recovery,29183441,16.958,0,92,253048600.0
recovery,29200063,16.622,0,92,253048600.0
recovery,29217162,17.099,0,92,253048600.0
recovery,29233354,16.192,0,92,253048600.0
recovery,29250388,17.034,0,92,253048600.0
recovery,29266937,16.549,0,92,253048600.0
recovery,29284002,17.065,0,92,253048600.0
recovery,29300437,16.435,0,92,253048600.0
recovery,29317216,16.779,0,92,253048600.0
recovery,29333110,15.894,0,92,253048600.0
recovery,29350098,16.988,0,92,253048600.0
recovery,29366476,16.378,0,92,253048600.0
recovery,29383252,16.776,0,92,253048600.0
recovery,29399767,16.515,0,92,253048600.0
recovery,29416378,16.611,0,92,253048600.0
recovery,29434133,17.755,0,92,253048600.0
recovery,29449964,15.831,0,92,253048600.0
recovery,29466523,16.559,0,92,253048600.0
recovery,29483382,16.859,0,92,253048600.0
recovery,29500333,16.951,0,92,253048600.0
recovery,29516592,16.259,0,92,253048600.0
recovery,29533244,16.652,0,92,253048600.0
recovery,29550270,17.026,0,92,253048600.0
recovery,29566846,16.576,0,92,253048600.0
recovery,29583586,16.74,0,92,253048596.0
recovery,29599887,16.301,0,92,253048600.0
recovery,29616601,16.714,0,92,253048600.0
recovery,29633387,16.786,0,92,253048600.0
recovery,29650143,16.756,0,92,253048600.0
recovery,29666824,16.681,0,92,253048600.0
recovery,29683496,16.672,0,92,253048600.0
recovery,29699977,16.481,0,92,253048600.0
recovery,29716871,16.894,0,92,253048600.0
recovery,29733234,16.363,0,92,253048600.0
recovery,29750133,16.899,0,92,253048600.0
recovery,29766620,16.487,0,92,253048600.0
recovery,29783364,16.744,0,92,253048600.0
recovery,29800210,16.846,0,92,253048600.0
recovery,29816498,16.288,0,92,253048600.0
recovery,29833501,17.003,0,92,253048600.0
recovery,29849746,16.245,0,92,253048600.0
recovery,29866494,16.748,0,92,253048600.0
recovery,29883270,16.776,0,92,253048600.0
recovery,29899898,16.628,0,92,253048600.0
recovery,29916683,16.785,0,92,253048600.0
recovery,29933234,16.551,0,92,253048600.0
recovery,29950101,16.867,0,92,253048600.0
recovery,29966821,16.72,0,92,253048596.0
recovery,29982925,16.104,0,92,253048600.0
recovery,29999788,16.863,0,92,253048600.0
recovery,30016708,16.92,0,92,253048596.0
recovery,30033975,17.267,0,92,253048600.0
recovery,30050017,16.042,0,92,253048600.0
recovery,30066636,16.619,0,92,253048600.0
recovery,30083033,16.397,0,92,253048600.0
recovery,30100181,17.148,0,92,253048600.0
recovery,30116853,16.672,0,92,253048600.0
recovery,30133352,16.499,0,92,253048600.0
recovery,30149908,16.556,0,92,253048600.0
recovery,30166599,16.691,0,92,253048600.0
recovery,30183303,16.704,0,92,253048600.0
recovery,30199753,16.45,0,92,253048596.0
recovery,30216486,16.733,0,92,253048600.0
recovery,30233168,16.682,0,92,253048600.0
recovery,30250057,16.889,0,92,253048600.0
recovery,30266703,16.646,0,92,253048600.0
recovery,30283301,16.598,0,92,253048600.0
recovery,30299902,16.601,0,92,253048600.0
recovery,30316562,16.66,0,92,253048596.0
recovery,30332906,16.344,0,92,253048600.0
recovery,30349694,16.788,0,92,253048600.0
recovery,30368071,18.377,0,92,253048600.0
recovery,30382828,14.757,0,92,253048600.0
recovery,30399556,16.728,0,92,253048600.0
recovery,30416232,16.676,0,92,253048600.0
recovery,30432861,16.629,0,92,253048600.0
recovery,30449700,16.839,0,92,253048600.0
recovery,30467901,18.201,0,92,253048600.0
recovery,30482833,14.932,0,92,253048600.0
recovery,30499541,16.708,0,92,253048600.0
recovery,30517746,18.205,0,92,253048600.0
recovery,30532863,15.117,0,92,253048600.0
recovery,30549584,16.721,0,92,253048600.0
recovery,30567598,18.014,0,92,253048600.0
recovery,30582802,15.204,0,92,253048600.0
recovery,30600710,17.908,0,92,253048600.0
recovery,30616059,15.349,0,92,253048600.0
recovery,30632720,16.661,0,92,253048600.0
recovery,30649537,16.817,0,92,253052392.0
recovery,30666179,16.642,0,92,253052392.0
recovery,30682763,16.584,0,92,253052392.0
recovery,30699425,16.662,0,92,253052392.0
recovery,30716089,16.664,0,92,253052392.0
recovery,30732768,16.679,0,92,253052392.0
recovery,30749588,16.82,0,92,253052388.0
recovery,30766089,16.501,0,92,253052392.0
recovery,30782976,16.887,0,92,253052392.0
recovery,30799557,16.581,0,92,253052392.0
recovery,30816153,16.596,0,92,253052392.0
recovery,30832903,16.75,0,92,253052388.0
recovery,30850114,17.211,0,92,253052392.0
recovery,30866280,16.166,0,92,253052392.0
recovery,30882781,16.501,0,92,253052392.0
recovery,30899522,16.741,0,92,253052392.0
recovery,30916418,16.896,0,92,253052392.0
recovery,30932856,16.438,0,92,253052392.0
recovery,30949343,16.487,0,92,253052392.0
recovery,30966436,17.093,0,92,253052392.0
recovery,30982681,16.245,0,92,253052392.0
recovery,30999742,17.061,0,92,253052392.0
recovery,31016126,16.384,0,92,253052392.0
recovery,31033170,17.044,0,92,253052392.0
recovery,31049818,16.648,0,92,253052392.0
recovery,31066197,16.379,0,92,253052392.0
recovery,31082753,16.556,0,92,253052392.0
recovery,31099539,16.786,0,92,253052392.0
recovery,31116293,16.754,0,92,253052392.0
recovery,31133079,16.786,0,92,253052392.0
recovery,31149588,16.509,0,92,253052392.0
recovery,31166444,16.856,0,92,253052392.0
recovery,31183069,16.625,0,92,253052392.0
recovery,31199395,16.326,0,92,253052392.0
recovery,31216365,16.97,0,92,253052388.0
recovery,31232790,16.425,0,92,253052392.0
recovery,31249435,16.645,0,92,253052392.0
recovery,31266457,17.022,0,92,253052392.0
recovery,31283113,16.656,0,92,253052392.0
recovery,31299039,15.926,0,92,253052392.0
recovery,31316324,17.285,0,92,253052392.0
recovery,31332868,16.544,0,92,253052392.0
recovery,31349440,16.572,0,92,253052392.0
recovery,31366265,16.825,0,92,253052392.0
recovery,31383041,16.776,0,92,253052392.0
recovery,31399229,16.188,0,92,253052392.0
recovery,31416259,17.03,0,92,253052388.0
recovery,31432338,16.079,0,92,253052392.0
recovery,31449137,16.799,0,92,253052392.0
recovery,31466120,16.983,0,92,253052392.0
recovery,31483289,17.169,0,92,253052392.0
recovery,31499436,16.147,0,92,253052392.0
recovery,31516505,17.069,0,92,253052392.0
recovery,31532739,16.234,0,92,253052392.0
recovery,31549356,16.617,0,92,253052392.0
recovery,31566213,16.857,0,92,253052392.0
recovery,31582861,16.648,0,92,253052392.0
recovery,31599192,16.331,0,92,253052392.0
recovery,31616230,17.038,0,92,253052392.0
recovery,31633003,16.773,0,92,253052392.0
recovery,31649608,16.605,0,92,253052392.0
recovery,31666031,16.423,0,92,253052392.0
recovery,31683326,17.295,0,92,253052392.0
recovery,31698941,15.615,0,92,253052392.0
recovery,31716050,17.109,0,92,253052392.0
recovery,31732247,16.197,0,92,253052392.0
recovery,31749753,17.506,0,92,253052392.0
recovery,31766031,16.278,0,92,253052392.0
recovery,31782606,16.575,0,92,253052392.0
recovery,31799197,16.591,0,92,253052392.0
recovery,31816064,16.867,0,92,253052392.0
recovery,31832759,16.695,0,92,253052392.0
recovery,31849260,16.501,0,92,253052392.0
recovery,31866083,16.823,0,92,253052392.0
recovery,31882635,16.552,0,92,253052392.0
recovery,31899123,16.488,0,92,253052392.0
recovery,31916269,17.146,0,92,253052392.0
recovery,31932311,16.042,0,92,253052392.0
recovery,31949590,17.279,0,92,253052392.0
recovery,31966064,16.474,0,92,253052392.0
recovery,31982767,16.703,0,92,253052392.0
recovery,31999064,16.297,0,92,253052392.0
recovery,32015865,16.801,0,92,253052392.0
recovery,32032172,16.307,0,92,253052392.0
recovery,32049478,17.306,0,92,253052392.0
recovery,32066232,16.754,0,92,253052392.0
recovery,32082488,16.256,0,92,253052392.0
recovery,32099418,16.93,0,92,253052388.0
recovery,32116202,16.784,0,92,253052392.0
recovery,32132286,16.084,0,92,253052392.0
recovery,32149175,16.889,0,92,253052392.0
recovery,32166098,16.923,0,92,253052392.0
recovery,32182917,16.819,0,92,253052392.0
recovery,32198960,16.043,0,92,253052392.0
recovery,32215992,17.032,0,92,253052392.0
recovery,32232133,16.141,0,92,253052392.0
recovery,32249056,16.923,0,92,253052392.0
recovery,32265711,16.655,0,92,253052392.0
recovery,32282771,17.06,0,92,253052388.0
recovery,32298710,15.939,0,92,253052392.0
recovery,32315725,17.015,0,92,253052392.0
recovery,32332155,16.43,0,92,253052388.0
recovery,32349269,17.114,0,92,253052392.0
recovery,32365478,16.209,0,92,253052392.0
recovery,32383008,17.53,0,92,253052388.0
recovery,32398896,15.888,0,92,253052392.0
recovery,32415968,17.072,0,92,253052392.0
recovery,32432307,16.339,0,92,253052392.0
recovery,32449284,16.977,0,92,253052392.0
recovery,32465819,16.535,0,92,253052392.0
recovery,32482715,16.896,0,92,253052392.0
recovery,32499214,16.499,0,92,253052392.0
recovery,32515906,16.692,0,92,253052392.0
recovery,32532417,16.511,0,92,253052392.0
recovery,32549027,16.61,0,92,253052388.0
recovery,32565958,16.931,0,92,253052392.0
recovery,32582639,16.681,0,92,253052392.0
recovery,32598960,16.321,0,92,253052392.0
recovery,32616175,17.215,0,92,253052392.0
recovery,32632370,16.195,0,92,253052392.0
recovery,32649230,16.86,0,92,253052388.0
recovery,32665773,16.543,0,92,253052392.0
recovery,32682606,16.833,0,92,253052392.0
recovery,32698855,16.249,0,92,253052392.0
recovery,32715606,16.751,0,92,253052392.0
recovery,32731795,16.189,0,92,253052392.0
recovery,32749015,17.22,0,92,253052388.0
recovery,32765597,16.582,0,92,253052392.0
recovery,32782493,16.896,0,92,253052392.0
recovery,32799175,16.682,0,92,253052392.0
recovery,32815788,16.613,0,92,253052392.0
recovery,32832060,16.272,0,92,253052392.0
recovery,32848893,16.833,0,92,253052392.0
recovery,32865671,16.778,0,92,253052392.0
recovery,32882503,16.832,0,92,253052392.0
recovery,32898670,16.167,0,92,253052392.0
recovery,32915996,17.326,0,92,253052392.0
recovery,32932024,16.028,0,92,253052392.0
recovery,32949017,16.993,0,92,253052392.0
recovery,32965534,16.517,0,92,253052392.0
recovery,32982479,16.945,0,92,253052392.0
recovery,32999209,16.73,0,92,253052388.0
recovery,33015669,16.46,0,92,253052388.0
recovery,33032332,16.663,0,92,253052392.0
recovery,33049077,16.745,0,92,253052392.0
recovery,33065769,16.692,0,92,253052392.0
recovery,33082071,16.302,0,92,253052392.0
recovery,33098359,16.288,0,92,253052392.0
recovery,33115875,17.516,0,92,253052392.0
recovery,33132362,16.487,0,92,253052392.0
recovery,33148796,16.434,0,92,253052392.0
recovery,33165599,16.803,0,92,253052392.0
recovery,33182310,16.711,0,92,253052392.0
recovery,33198883,16.573,0,92,253052392.0
recovery,33215697,16.814,0,92,253052392.0
recovery,33232345,16.648,0,92,253052392.0
recovery,33249069,16.724,0,92,253052392.0
recovery,33265634,16.565,0,92,253052392.0
recovery,33282209,16.575,0,92,253058080.0
recovery,33298727,16.518,0,92,253058080.0
recovery,33315356,16.629,0,92,253058080.0
recovery,33332054,16.698,0,92,253058080.0
recovery,33348762,16.708,0,92,253058080.0
recovery,33365729,16.967,0,92,253058080.0
recovery,33382471,16.742,0,92,253058080.0
recovery,33398587,16.116,0,92,253058080.0
recovery,33415904,17.317,0,92,253058080.0
recovery,33431997,16.093,0,92,253058080.0
recovery,33449184,17.187,0,92,253058080.0
recovery,33465378,16.194,0,92,253058080.0
recovery,33482203,16.825,0,92,253058080.0
recovery,33498556,16.353,0,92,253058080.0
recovery,33515621,17.065,0,92,253058080.0
recovery,33531892,16.271,0,92,253058080.0
recovery,33548653,16.761,0,92,253058080.0
recovery,33565295,16.642,0,92,253058080.0
recovery,33581967,16.672,0,92,253058080.0
recovery,33598366,16.399,0,92,253058080.0
recovery,33615622,17.256,0,92,253058080.0
recovery,33632047,16.425,0,92,253058080.0
recovery,33648482,16.435,0,92,253058080.0
recovery,33665468,16.986,0,92,253058080.0
recovery,33682464,16.996,0,92,253058080.0
recovery,33698301,15.837,0,92,253058080.0
recovery,33715178,16.877,0,92,253058080.0
recovery,33732077,16.899,0,92,253058080.0
recovery,33748883,16.806,0,92,253058080.0
recovery,33765033,16.15,0,92,253058076.0
recovery,33781812,16.779,0,92,253058080.0
recovery,33798739,16.927,0,92,253058080.0
recovery,33815749,17.01,0,92,253058076.0
recovery,33831940,16.191,0,92,253058080.0
recovery,33848672,16.732,0,92,253058080.0
recovery,33865138,16.466,0,92,253058080.0
recovery,33882110,16.972,0,92,253058080.0
recovery,33898393,16.283,0,92,253058080.0
recovery,33915438,17.045,0,92,253058080.0
recovery,33931953,16.515,0,92,253058080.0
recovery,33948622,16.669,0,92,253058080.0
recovery,33964798,16.176,0,92,253058080.0
recovery,33981689,16.891,0,92,253058080.0
recovery,33998747,17.058,0,92,253058080.0
recovery,34015174,16.427,0,92,253058080.0
recovery,34032163,16.989,0,92,253058080.0
recovery,34048596,16.433,0,92,253058080.0
recovery,34065224,16.628,0,92,253058080.0
recovery,34081599,16.375,0,92,253058080.0
recovery,34098141,16.542,0,92,253058080.0
recovery,34115352,17.211,0,92,253058080.0
recovery,34131822,16.47,0,92,253058076.0
recovery,34148506,16.684,0,92,253058080.0
recovery,34165240,16.734,0,92,253058080.0
recovery,34181733,16.493,0,92,253058080.0
recovery,34198381,16.648,0,92,253058080.0
recovery,34215173,16.792,0,92,253058080.0
recovery,34231992,16.819,0,92,253058080.0
recovery,34248283,16.291,0,92,253058080.0
recovery,34265332,17.049,0,92,253058080.0
recovery,34281726,16.394,0,92,253058080.0
recovery,34298325,16.599,0,92,253058080.0
recovery,34314806,16.481,0,92,253058080.0
recovery,34331864,17.058,0,92,253058080.0
recovery,34348493,16.629,0,92,253058080.0
recovery,34364907,16.414,0,92,253058080.0
recovery,34381596,16.689,0,92,253058080.0
recovery,34398389,16.793,0,92,253058080.0
recovery,34415162,16.773,0,92,253058080.0
recovery,34431386,16.224,0,92,253058080.0
recovery,34448444,17.058,0,92,253058080.0
recovery,34465090,16.646,0,92,253058080.0
recovery,34481897,16.807,0,92,253058080.0
recovery,34498274,16.377,0,92,253058080.0
recovery,34514797,16.523,0,92,253058080.0
recovery,34531666,16.869,0,92,253058080.0
recovery,34548342,16.676,0,92,253058080.0
recovery,34564806,16.464,0,92,253058080.0
recovery,34581849,17.043,0,92,253058080.0
recovery,34598528,16.679,0,92,253058080.0
recovery,34615436,16.908,0,92,253058080.0
recovery,34631670,16.234,0,92,253058080.0
recovery,34648371,16.701,0,92,253058080.0
recovery,34665143,16.772,0,92,253058080.0
recovery,34681518,16.375,0,92,253058080.0
recovery,34698296,16.778,0,92,253055716.0
recovery,34715133,16.837,0,92,253055716.0
recovery,34731800,16.667,0,92,253055716.0
recovery,34748263,16.463,0,92,253055716.0
recovery,34764862,16.599,0,92,253055716.0
recovery,34781641,16.779,0,92,253055716.0
recovery,34798189,16.548,0,92,253055716.0
recovery,34815083,16.894,0,92,253055716.0
recovery,34831639,16.556,0,92,253055716.0
recovery,34848979,17.34,0,92,253055712.0
recovery,34865116,16.137,0,92,253055716.0
recovery,34881633,16.517,0,92,253055716.0
recovery,34898312,16.679,0,92,253055716.0
recovery,34914632,16.32,0,92,253055712.0
recovery,34931387,16.755,0,92,253055716.0
recovery,34948655,17.268,0,92,253055716.0
recovery,34965113,16.458,0,92,253055716.0
recovery,34981290,16.177,0,92,253055716.0
recovery,34998007,16.717,0,92,253055716.0
recovery,35014878,16.871,0,92,253055716.0
recovery,35031362,16.484,0,92,253055716.0
recovery,35048670,17.308,0,92,253055716.0
recovery,35064402,15.732,0,92,253055716.0
recovery,35081295,16.893,0,92,253055716.0
recovery,35097949,16.654,0,92,253055716.0
recovery,35115200,17.251,0,92,253055716.0
recovery,35131475,16.275,0,92,253055716.0
recovery,35148495,17.02,0,92,253055712.0
recovery,35164669,16.174,0,92,253055716.0
recovery,35181762,17.093,0,92,253055716.0
recovery,35197694,15.932,0,92,253055716.0
recovery,35214832,17.138,0,92,253055716.0
recovery,35231381,16.549,0,92,253055716.0
recovery,35248038,16.657,0,92,253055716.0
recovery,35264789,16.751,0,92,253055716.0
recovery,35281499,16.71,0,92,253055712.0
recovery,35297959,16.46,0,92,253055712.0
recovery,35314975,17.016,0,92,253055716.0
recovery,35331688,16.713,0,92,253055716.0
recovery,35348451,16.763,0,92,253055716.0
recovery,35364286,15.835,0,92,253055716.0
recovery,35381695,17.409,0,92,253055716.0
